 INSERT INTO EPS (ID, REGION, VACUNAS, CAPACIDADVACUNAS)
 VALUES('1','AMAZONAS' ,780, 1200);
 
  INSERT INTO EPS (ID, REGION, VACUNAS, CAPACIDADVACUNAS)
 VALUES('2','ANTIOQUIA' ,150000, 200000);
 
  INSERT INTO EPS (ID, REGION, VACUNAS, CAPACIDADVACUNAS)
 VALUES('3','ARAUCA' ,500, 20000);
 
  INSERT INTO EPS (ID, REGION, VACUNAS, CAPACIDADVACUNAS)
 VALUES('4','ATLANTICO' ,1000, 15000);
 
  INSERT INTO EPS (ID, REGION, VACUNAS, CAPACIDADVACUNAS)
 VALUES('5','BOGOTA' ,789, 1400000);
 
  INSERT INTO EPS (ID, REGION, VACUNAS, CAPACIDADVACUNAS)
 VALUES('6','BOLIVAR' ,7890, 15000);
 
  INSERT INTO EPS (ID, REGION, VACUNAS, CAPACIDADVACUNAS)
 VALUES('7','BOYACA' ,7877, 150000);
 
  INSERT INTO EPS (ID, REGION, VACUNAS, CAPACIDADVACUNAS)
 VALUES('8','CALDAS' ,6000, 15000);
 
  INSERT INTO EPS (ID, REGION, VACUNAS, CAPACIDADVACUNAS)
 VALUES('9','CAQUETA' ,7000, 17000);
 
  INSERT INTO EPS (ID, REGION, VACUNAS, CAPACIDADVACUNAS)
 VALUES('10','CASANARE' ,9000, 15000);
 
  INSERT INTO EPS (ID, REGION, VACUNAS, CAPACIDADVACUNAS)
 VALUES('11','CAUCA' ,789, 1500);
 
  INSERT INTO EPS (ID, REGION, VACUNAS, CAPACIDADVACUNAS)
 VALUES('12','CESAR' ,1290, 15000);
 
  INSERT INTO EPS (ID, REGION, VACUNAS, CAPACIDADVACUNAS)
 VALUES('13','CHOCO' ,5000, 15000);
 
  INSERT INTO EPS (ID, REGION, VACUNAS, CAPACIDADVACUNAS)
 VALUES('14','CORDOBA' ,7890, 15000);
 
  INSERT INTO EPS (ID, REGION, VACUNAS, CAPACIDADVACUNAS)
 VALUES('15','CUNDINAMARCA' ,7600, 16000);
 
  INSERT INTO EPS (ID, REGION, VACUNAS, CAPACIDADVACUNAS)
 VALUES('16','GUAINIA' ,789, 1500);
 
  INSERT INTO EPS (ID, REGION, VACUNAS, CAPACIDADVACUNAS)
 VALUES('17','GUAVIARE' ,4000, 12000);
 
  INSERT INTO EPS (ID, REGION, VACUNAS, CAPACIDADVACUNAS)
 VALUES('18','HUILA' ,600, 1500);
 
  INSERT INTO EPS (ID, REGION, VACUNAS, CAPACIDADVACUNAS)
 VALUES('19','GUAJIRA' ,789, 1500);
 
   INSERT INTO EPS (ID, REGION, VACUNAS, CAPACIDADVACUNAS)
 VALUES('20','MAGDALENA' ,7800, 15000);

 INSERT INTO ROLES (ID, ROL) 
 VALUES(1, 'ADMINISTRADOR DEL PLAN DE VACUNACION');
 
INSERT INTO ROLES (ID, ROL) 
 VALUES(2,'ADMINISTRADOR DE OFICINA DE EPS REGIONAL');
 
 INSERT INTO ROLES (ID, ROL) 
 VALUES(3, 'ADMINISTRADOR DE PUNTO DE VACUNACION');
 
 INSERT INTO ROLES (ID, ROL) 
 VALUES(4, 'OPERADOR DE PUNTO DE VACUNACION');
 
 INSERT INTO ROLES (ID, ROL) 
 VALUES(5, 'CIUDADANO');
 
 INSERT INTO ROLES (ID, ROL) 
 VALUES(6, 'TALENTO HUMANO');

 INSERT INTO ESTADO (ID, DESCRIPCION)		
 VALUES(1, 'REGISTRADO');
 
 INSERT INTO ESTADO (ID, DESCRIPCION)
 VALUES(2, 'CITADO');
 
 INSERT INTO ESTADO (ID, DESCRIPCION)
 VALUES(3, 'VACUNADO DOSIS 1 PFIZER');

INSERT INTO ESTADO (ID, DESCRIPCION)
 VALUES(4, 'VACUNADO DOSIS 1 ASTRAZENECA');

INSERT INTO ESTADO (ID, DESCRIPCION)
 VALUES(5, 'VACUNADO DOSIS 1 SINOVAC');

INSERT INTO ESTADO (ID, DESCRIPCION)
 VALUES(6, 'VACUNADO DOSIS 1 JOHNSON');
 
 INSERT INTO ESTADO (ID, DESCRIPCION)
 VALUES(7, 'VACUNADO DOSIS 2 PFIZER');

 INSERT INTO ESTADO (ID, DESCRIPCION)
 VALUES(8, 'VACUNADO DOSIS 2 ASTRAZENECA');

 INSERT INTO ESTADO (ID, DESCRIPCION)
 VALUES(9, 'VACUNADO DOSIS 2 SINOVAC');

 INSERT INTO ETAPA (NUMERO, DESCRIPCION)
 VALUES(1, 'PERSONAS DE 80 AÑOS Y MAS');
 
 INSERT INTO ETAPA (NUMERO, DESCRIPCION)
 VALUES(2, 'PERSONAS ENTRE 60 Y 79 AÑOS');
 
 INSERT INTO ETAPA (NUMERO, DESCRIPCION)
 VALUES(3, 'PERSONAS ENTRE 16 Y 59 AÑOS CON CONDICIONES ESPECIFICADAS');
 
 INSERT INTO ETAPA (NUMERO, DESCRIPCION)
 VALUES(4, 'POBLACION PRIVADA DE LIBERTAD');
 
 INSERT INTO ETAPA (NUMERO, DESCRIPCION)
 VALUES(5, 'PERSONAS DE 16 AÑOS EN ADELANTE NO PERTENECIENTES A ETAPAS ANTERIORES');

INSERT INTO CONDICIONPRIORIZACION (DESCRIPCION, NUMERO_ETAPA)
 VALUES('80 AÑOS O MAS', 1);
 
INSERT INTO CONDICIONPRIORIZACION (DESCRIPCION, NUMERO_ETAPA)
 VALUES('60 A 79 AÑOS', 2);
 
INSERT INTO CONDICIONPRIORIZACION (DESCRIPCION, NUMERO_ETAPA)
 VALUES('ENFERMEDADES HIPERTENSIVAS', 3);
 
INSERT INTO CONDICIONPRIORIZACION (DESCRIPCION, NUMERO_ETAPA)
 VALUES('DIABETES', 3);
 
INSERT INTO CONDICIONPRIORIZACION (DESCRIPCION, NUMERO_ETAPA)
 VALUES('INSUFICIENCIA RENAL', 3);
 
INSERT INTO CONDICIONPRIORIZACION (DESCRIPCION, NUMERO_ETAPA)
 VALUES('VIH', 3);
 
INSERT INTO CONDICIONPRIORIZACION (DESCRIPCION, NUMERO_ETAPA)
 VALUES('CANCER', 3);
 
INSERT INTO CONDICIONPRIORIZACION (DESCRIPCION, NUMERO_ETAPA)
 VALUES('ASMA', 3);
 
INSERT INTO CONDICIONPRIORIZACION (DESCRIPCION, NUMERO_ETAPA)
 VALUES('PRIVACION DE LIBERTAD', 4);
 
INSERT INTO CONDICIONPRIORIZACION (DESCRIPCION, NUMERO_ETAPA)
 VALUES('16 AÑOS O MAS', 5);

 INSERT INTO PUNTO(ID, REGION, DIRECCION, APLICADAS, CAPACIDAD, ID_EPS, CAPACIDADVACUNAS, VACUNAS, HABILITADO)
 VALUES ('1', 'AMAZONAS', 'CARRERA 15 #63-45', 145, 176, '1', 500, 250, 'T');
 
 INSERT INTO PUNTO(ID, REGION, DIRECCION, APLICADAS, CAPACIDAD, ID_EPS, CAPACIDADVACUNAS, VACUNAS, HABILITADO)
 VALUES('2', 'AMAZONAS', 'CALLE 53 #45-98', 267, 300, '1', 700, 450, 'T');
 
 INSERT INTO PUNTO(ID, REGION, DIRECCION, APLICADAS, CAPACIDAD, ID_EPS, CAPACIDADVACUNAS, VACUNAS, HABILITADO)
 VALUES('3', 'ANTIOQUIA', 'CALLE 1 #13-3', 232, 783, '2', 300, 0, 'F');
 
 INSERT INTO PUNTO(ID, REGION, DIRECCION, APLICADAS, CAPACIDAD, ID_EPS, CAPACIDADVACUNAS, VACUNAS, HABILITADO)
 VALUES('4', 'ANTIOQUIA', 'CARRERA 13 # 123-10', 354, 784, '2', 1200, 800, 'T');
 
 INSERT INTO PUNTO(ID, REGION, DIRECCION, APLICADAS, CAPACIDAD, ID_EPS, CAPACIDADVACUNAS, VACUNAS, HABILITADO)
 VALUES('5', 'ARAUCA', 'CARRERA 11 #53-13', 657, 987, '3', 700, 0, 'F');
 
 INSERT INTO PUNTO(ID, REGION, DIRECCION, APLICADAS, CAPACIDAD, ID_EPS, CAPACIDADVACUNAS, VACUNAS, HABILITADO)
 VALUES('6', 'ARAUCA', 'CALLE 45 #23-24', 987,993, '3', 900, 850, 'T');
 
 INSERT INTO PUNTO(ID, REGION, DIRECCION, APLICADAS, CAPACIDAD, ID_EPS, CAPACIDADVACUNAS, VACUNAS, HABILITADO)
 VALUES('7', 'ATLANTICO', 'CALLE 158#52-63', 767, 12, '4', 1000, 0, 'F');
 
 INSERT INTO PUNTO(ID, REGION, DIRECCION, APLICADAS, CAPACIDAD, ID_EPS, CAPACIDADVACUNAS, VACUNAS, HABILITADO)
 VALUES('8', 'ATLANTICO', 'CARRERA 23 #43-55', 735, 4, '4', 500, 450, 'T');
 
 INSERT INTO PUNTO(ID, REGION, DIRECCION, APLICADAS, CAPACIDAD, ID_EPS, CAPACIDADVACUNAS, VACUNAS, HABILITADO)
 VALUES('9', 'BOGOTA', 'CALLE 67 #13-25', 67, 122, '5', 1550, 1000, 'T');
 
 INSERT INTO PUNTO(ID, REGION, DIRECCION, APLICADAS, CAPACIDAD, ID_EPS, CAPACIDADVACUNAS, VACUNAS, HABILITADO)
 VALUES('10', 'BOGOTA', 'CARRERA 28 #25-55', 125, 254, '5', 245, 200, 'T');
 
 INSERT INTO PUNTO(ID, REGION, DIRECCION, APLICADAS, CAPACIDAD, ID_EPS, CAPACIDADVACUNAS, VACUNAS, HABILITADO)
 VALUES('11', 'BOLIVAR', 'CALLE 87 #45-98', 375, 766, '6', 870, 678, 'T');
 
 INSERT INTO PUNTO(ID, REGION, DIRECCION, APLICADAS, CAPACIDAD, ID_EPS, CAPACIDADVACUNAS, VACUNAS, HABILITADO)
 VALUES('12', 'BOLIVAR', 'CARRERA 1 #12-67', 17, 100, '6', 900, 0, 'F');
 
 INSERT INTO PUNTO(ID, REGION, DIRECCION, APLICADAS, CAPACIDAD, ID_EPS, CAPACIDADVACUNAS, VACUNAS, HABILITADO)
 VALUES('13', 'BOYACA', 'CALLE 32 #19-43', 873, 900, '7', 670, 500, 'T');
 
 INSERT INTO PUNTO(ID, REGION, DIRECCION, APLICADAS, CAPACIDAD, ID_EPS, CAPACIDADVACUNAS, VACUNAS, HABILITADO)
 VALUES('14', 'BOYACA', 'CARRERA 37 #56-49', 67, 100, '7', 1200, 1100, 'T');
 
 INSERT INTO PUNTO(ID, REGION, DIRECCION, APLICADAS, CAPACIDAD, ID_EPS, CAPACIDADVACUNAS, VACUNAS, HABILITADO)
 VALUES('15', 'CALDAS', 'CARRERA 55 #57-79', 748, 2, '8', 345, 255, 'T');
 
 INSERT INTO PUNTO(ID, REGION, DIRECCION, APLICADAS, CAPACIDAD, ID_EPS, CAPACIDADVACUNAS, VACUNAS, HABILITADO)
 VALUES('16', 'CALDAS', 'CALLE 37 #53-29', 687, 700, '8', 800, 0, 'F');
 
 INSERT INTO PUNTO(ID, REGION, DIRECCION, APLICADAS, CAPACIDAD, ID_EPS, CAPACIDADVACUNAS, VACUNAS, HABILITADO)
 VALUES('17', 'CAQUETA', 'DIAGONAL 27 #46-95', 123, 140, '9', 1300, 1250, 'T');
 
 INSERT INTO PUNTO(ID, REGION, DIRECCION, APLICADAS, CAPACIDAD, ID_EPS, CAPACIDADVACUNAS, VACUNAS, HABILITADO)
 VALUES('18', 'CAQUETA', 'CARRERA 64 #73-89', 54, 100, '9', 100, 50, 'T');
 
  INSERT INTO PUNTO(ID, REGION, DIRECCION, APLICADAS, CAPACIDAD, ID_EPS, CAPACIDADVACUNAS, VACUNAS, HABILITADO)
 VALUES('19', 'CASANARE', 'CALLE 58 #47-9', 732, 837, '10', 230, 0, 'F');
 
  INSERT INTO PUNTO(ID, REGION, DIRECCION, APLICADAS, CAPACIDAD, ID_EPS, CAPACIDADVACUNAS, VACUNAS, HABILITADO)
 VALUES('20', 'CASANARE', 'CARRERA 2 #3-49', 27, 100, '10', 1300, 1200, 'T');
 
 INSERT INTO PUNTO(ID, REGION, DIRECCION, APLICADAS, CAPACIDAD, ID_EPS, CAPACIDADVACUNAS, VACUNAS, HABILITADO)
 VALUES('21', 'CAUCA', 'CALLE 24 #46-38', 876, 1032, '11', 1000, 0, 'F');
 
 INSERT INTO PUNTO(ID, REGION, DIRECCION, APLICADAS, CAPACIDAD, ID_EPS, CAPACIDADVACUNAS, VACUNAS, HABILITADO)
 VALUES('22', 'CAUCA', 'CARRERA 23 #54-45', 746, 984, '11', 540, 300, 'T');
 
 INSERT INTO PUNTO(ID, REGION, DIRECCION, APLICADAS, CAPACIDAD, ID_EPS, CAPACIDADVACUNAS, VACUNAS, HABILITADO)
 VALUES('23', 'CESAR', 'DIAGONAL 74 #83-5', 132, 284, '12', 1200, 1150, 'T');
 
 INSERT INTO PUNTO(ID, REGION, DIRECCION, APLICADAS, CAPACIDAD, ID_EPS, CAPACIDADVACUNAS, VACUNAS, HABILITADO)
 VALUES('24', 'CESAR', 'CALLE 23 #14-45', 45, 230, '12', 300, 0, 'F');
 
 INSERT INTO PUNTO(ID, REGION, DIRECCION, APLICADAS, CAPACIDAD, ID_EPS, CAPACIDADVACUNAS, VACUNAS, HABILITADO)
 VALUES('25', 'CHOCO', 'CARRERA 65 #76-28', 328, 464, '13', 250, 0, 'F');
 
 INSERT INTO PUNTO(ID, REGION, DIRECCION, APLICADAS, CAPACIDAD, ID_EPS, CAPACIDADVACUNAS, VACUNAS, HABILITADO)
 VALUES('26', 'CHOCO', 'CALLE 78 #43-23', 178, 284, '13', 1000, 900, 'T');
 
 INSERT INTO PUNTO(ID, REGION, DIRECCION, APLICADAS, CAPACIDAD, ID_EPS, CAPACIDADVACUNAS, VACUNAS, HABILITADO)
 VALUES('27', 'CORDOBA', 'CARRERA 12 #13-14', 678, 784, '14', 350, 250, 'T');
 
 INSERT INTO PUNTO(ID, REGION, DIRECCION, APLICADAS, CAPACIDAD, ID_EPS, CAPACIDADVACUNAS, VACUNAS, HABILITADO)
 VALUES('28', 'CORDOBA', 'CALLE 23 #21-45', 126, 384, '14', 900, 0, 'F');
 
  INSERT INTO PUNTO(ID, REGION, DIRECCION, APLICADAS, CAPACIDAD, ID_EPS, CAPACIDADVACUNAS, VACUNAS, HABILITADO)
 VALUES('29', 'CUNDINAMARCA', 'CARRERA 23 #1-45', 1260, 3840, '15', 9000, 0, 'F');
 
  INSERT INTO PUNTO(ID, REGION, DIRECCION, APLICADAS, CAPACIDAD, ID_EPS, CAPACIDADVACUNAS, VACUNAS, HABILITADO)
 VALUES('30', 'CUNDINAMARCA', 'DIAGONAL 48 #121-45', 168, 839, '15', 829, 0, 'F');
 
  INSERT INTO PUNTO(ID, REGION, DIRECCION, APLICADAS, CAPACIDAD, ID_EPS, CAPACIDADVACUNAS, VACUNAS, HABILITADO)
 VALUES('31', 'GUAINIA', 'CARRERA 73 #21-45', 190, 384, '16', 1000, 0, 'F');
 
  INSERT INTO PUNTO(ID, REGION, DIRECCION, APLICADAS, CAPACIDAD, ID_EPS, CAPACIDADVACUNAS, VACUNAS, HABILITADO)
 VALUES('32', 'GUAINIA', 'CALLE 3 #1-5', 111, 300, '16', 900, 0, 'F');
 
  INSERT INTO PUNTO(ID, REGION, DIRECCION, APLICADAS, CAPACIDAD, ID_EPS, CAPACIDADVACUNAS, VACUNAS, HABILITADO)
 VALUES('33', 'GUAVIARE', 'CARRERA 23 #31-55', 120, 380, '17', 900, 0, 'F');
 
  INSERT INTO PUNTO(ID, REGION, DIRECCION, APLICADAS, CAPACIDAD, ID_EPS, CAPACIDADVACUNAS, VACUNAS, HABILITADO)
 VALUES('34', 'GUAVIARE', 'CALLE 4 #21-76', 182, 836, '17', 7830, 0, 'F');
 
  INSERT INTO PUNTO(ID, REGION, DIRECCION, APLICADAS, CAPACIDAD, ID_EPS, CAPACIDADVACUNAS, VACUNAS, HABILITADO)
 VALUES('35', 'HUILA', 'CARRERA 23 #21-45', 126, 384, '18', 900, 0, 'F');
 
  INSERT INTO PUNTO(ID, REGION, DIRECCION, APLICADAS, CAPACIDAD, ID_EPS, CAPACIDADVACUNAS, VACUNAS, HABILITADO)
VALUES('36', 'HUILA', 'DIAGONAL 2 #21-45', 126, 384, '18', 1000, 0, 'F');
 
  INSERT INTO PUNTO(ID, REGION, DIRECCION, APLICADAS, CAPACIDAD, ID_EPS, CAPACIDADVACUNAS, VACUNAS, HABILITADO)
 VALUES('37', 'GUAJIRA', 'CALLE 23 #21-45', 126, 384, '19', 890, 0, 'F');
 
  INSERT INTO PUNTO(ID, REGION, DIRECCION, APLICADAS, CAPACIDAD, ID_EPS, CAPACIDADVACUNAS, VACUNAS, HABILITADO)
 VALUES('38', 'GUAJIRA', 'CALLE 23 #21-45', 126, 384, '19', 900, 0, 'F');
 
  INSERT INTO PUNTO(ID, REGION, DIRECCION, APLICADAS, CAPACIDAD, ID_EPS, CAPACIDADVACUNAS, VACUNAS, HABILITADO)
 VALUES('39', 'MAGDALENA', 'CALLE 23 #21-45', 126, 384, '20', 900, 0, 'F');
 
  INSERT INTO PUNTO(ID, REGION, DIRECCION, APLICADAS, CAPACIDAD, ID_EPS, CAPACIDADVACUNAS, VACUNAS, HABILITADO)
 VALUES('40', 'MAGDALENA', 'CALLE 23 #21-45', 126, 384, '20', 900, 0, 'F');

 INSERT INTO VACUNA (ID, PRESERVACION, APLICADA, DOSIS, TIPO, LLEGADA)
 VALUES ('1', '-25°', 'F', 1, 'PFIZER', TO_DATE( '7-04-2021', 'DD-MM-YYYY'));
 
 INSERT INTO VACUNA (ID, PRESERVACION, APLICADA, DOSIS, TIPO, LLEGADA)
 VALUES('2', '-25°', 'F', 1, 'PFIZER', TO_DATE( '5-05-2021', 'DD-MM-YYYY'));
 
 INSERT INTO VACUNA (ID, PRESERVACION, APLICADA, DOSIS, TIPO, LLEGADA)
 VALUES('3', '-25°', 'T', 1, 'PFIZER', TO_DATE( '7-03-2021', 'DD-MM-YYYY'));
 
 INSERT INTO VACUNA (ID, PRESERVACION, APLICADA, DOSIS, TIPO, LLEGADA)
 VALUES('4', '-25°', 'F', 1, 'PFIZER', TO_DATE( '17-04-2021', 'DD-MM-YYYY'));
 
 INSERT INTO VACUNA (ID, PRESERVACION, APLICADA, DOSIS, TIPO, LLEGADA)
 VALUES('5', '-25°', 'F', 1, 'PFIZER', TO_DATE( '13-03-2021', 'DD-MM-YYYY'));
 
 INSERT INTO VACUNA (ID, PRESERVACION, APLICADA, DOSIS, TIPO, LLEGADA)
 VALUES('6', '-25°', 'F', 1, 'PFIZER', TO_DATE( '13-04-2021', 'DD-MM-YYYY'));
 
 INSERT INTO VACUNA (ID, PRESERVACION, APLICADA, DOSIS, TIPO, LLEGADA)
 VALUES('7', '-25°', 'T', 1, 'PFIZER', TO_DATE( '23-03-2021', 'DD-MM-YYYY'));
 
 INSERT INTO VACUNA (ID, PRESERVACION, APLICADA, DOSIS, TIPO, LLEGADA)
 VALUES('8', '-25°', 'T', 2, 'PFIZER', TO_DATE( '03-04-2021', 'DD-MM-YYYY'));
 
 INSERT INTO VACUNA (ID, PRESERVACION, APLICADA, DOSIS, TIPO, LLEGADA)
 VALUES('9', '-25°', 'F', 2, 'PFIZER', TO_DATE( '03-05-2021', 'DD-MM-YYYY'));
 
 INSERT INTO VACUNA (ID, PRESERVACION, APLICADA, DOSIS, TIPO, LLEGADA)
 VALUES('10', '-25°', 'T', 2, 'PFIZER', TO_DATE( '17-02-2021', 'DD-MM-YYYY'));
 
 INSERT INTO VACUNA (ID, PRESERVACION, APLICADA, DOSIS, TIPO, LLEGADA)
 VALUES('11', '-14°', 'F', 1, 'SINOVAC', TO_DATE( '23-02-2021', 'DD-MM-YYYY'));
 
 INSERT INTO VACUNA (ID, PRESERVACION, APLICADA, DOSIS, TIPO, LLEGADA)
 VALUES('12', '-14°', 'F', 1, 'SINOVAC', TO_DATE( '12-04-2021', 'DD-MM-YYYY'));
 
 INSERT INTO VACUNA (ID, PRESERVACION, APLICADA, DOSIS, TIPO, LLEGADA)
 VALUES('13', '-14°', 'F', 1, 'SINOVAC', TO_DATE( '12-03-2021', 'DD-MM-YYYY'));
 
 INSERT INTO VACUNA (ID, PRESERVACION, APLICADA, DOSIS, TIPO, LLEGADA)
 VALUES('14', '-14°', 'F', 1, 'SINOVAC', TO_DATE( '28-02-2021', 'DD-MM-YYYY'));
 
 INSERT INTO VACUNA (ID, PRESERVACION, APLICADA, DOSIS, TIPO, LLEGADA)
 VALUES('15', '-14°', 'T', 1, 'SINOVAC', TO_DATE( '25-02-2021', 'DD-MM-YYYY'));
 
 INSERT INTO VACUNA (ID, PRESERVACION, APLICADA, DOSIS, TIPO, LLEGADA)
 VALUES('16', '-14°', 'T', 2, 'SINOVAC', TO_DATE( '25-03-2021', 'DD-MM-YYYY'));
 
 INSERT INTO VACUNA (ID, PRESERVACION, APLICADA, DOSIS, TIPO, LLEGADA)
 VALUES('17', '-14°', 'T', 2, 'SINOVAC', TO_DATE( '01-05-2021', 'DD-MM-YYYY'));
 
 INSERT INTO VACUNA (ID, PRESERVACION, APLICADA, DOSIS, TIPO, LLEGADA)
 VALUES('18', '-14°', 'F', 2, 'SINOVAC', TO_DATE( '01-05-2021', 'DD-MM-YYYY'));
 
 INSERT INTO VACUNA (ID, PRESERVACION, APLICADA, DOSIS, TIPO, LLEGADA)
 VALUES('19', '-14°', 'T', 2, 'SINOVAC', TO_DATE( '12-04-2021', 'DD-MM-YYYY'));
 
 INSERT INTO VACUNA (ID, PRESERVACION, APLICADA, DOSIS, TIPO, LLEGADA)
 VALUES('20', '-14°', 'T', 2, 'SINOVAC', TO_DATE( '27-03-2021', 'DD-MM-YYYY'));
 
 INSERT INTO VACUNA (ID, PRESERVACION, APLICADA, DOSIS, TIPO, LLEGADA)
 VALUES('21', '-11°', 'F', 1, 'ASTRAZENECA', TO_DATE( '29-03-2021', 'DD-MM-YYYY'));
 
 INSERT INTO VACUNA (ID, PRESERVACION, APLICADA, DOSIS, TIPO, LLEGADA)
 VALUES('22', '-11°', 'F', 1, 'ASTRAZENECA', TO_DATE( '20-02-2021', 'DD-MM-YYYY'));
 
 INSERT INTO VACUNA (ID, PRESERVACION, APLICADA, DOSIS, TIPO, LLEGADA)
 VALUES('23', '-11°', 'T', 1, 'ASTRAZENECA', TO_DATE( '15-04-2021', 'DD-MM-YYYY'));
 
 INSERT INTO VACUNA (ID, PRESERVACION, APLICADA, DOSIS, TIPO, LLEGADA)
 VALUES('24', '-11°', 'T', 1, 'ASTRAZENECA', TO_DATE( '01-05-2021', 'DD-MM-YYYY'));
 
 INSERT INTO VACUNA (ID, PRESERVACION, APLICADA, DOSIS, TIPO, LLEGADA)
 VALUES('25', '-11°', 'F', 1, 'ASTRAZENECA', TO_DATE( '04-05-2021', 'DD-MM-YYYY'));
 
 INSERT INTO VACUNA (ID, PRESERVACION, APLICADA, DOSIS, TIPO, LLEGADA)
 VALUES('26', '-11°', 'F', 2, 'ASTRAZENECA', TO_DATE( '13-03-2021', 'DD-MM-YYYY'));
 
 INSERT INTO VACUNA (ID, PRESERVACION, APLICADA, DOSIS, TIPO, LLEGADA)
 VALUES('27', '-11°', 'T', 2, 'ASTRAZENECA', TO_DATE( '13-04-2021', 'DD-MM-YYYY'));
 
 INSERT INTO VACUNA (ID, PRESERVACION, APLICADA, DOSIS, TIPO, LLEGADA)
 VALUES('28', '-11°', 'F', 2, 'ASTRAZENECA', TO_DATE( '18-03-2021', 'DD-MM-YYYY'));
 
 INSERT INTO VACUNA (ID, PRESERVACION, APLICADA, DOSIS, TIPO, LLEGADA)
 VALUES('29', '-11°', 'T', 2, 'ASTRAZENECA', TO_DATE( '18-04-2021', 'DD-MM-YYYY'));
 
 INSERT INTO VACUNA (ID, PRESERVACION, APLICADA, DOSIS, TIPO, LLEGADA)
 VALUES('30', '-11°', 'T', 2, 'ASTRAZENECA', TO_DATE( '13-02-2021', 'DD-MM-YYYY'));

INSERT INTO ASIGNADA(ID_EPS, ID_PUNTO, ID_VACUNA)
 VALUES ('13','1','1');
 
 INSERT INTO ASIGNADA(ID_EPS, ID_PUNTO, ID_VACUNA)
 VALUES('13','2','2');
 
 INSERT INTO ASIGNADA(ID_EPS, ID_PUNTO, ID_VACUNA)
 VALUES('13','1','3');
 
 INSERT INTO ASIGNADA(ID_EPS, ID_PUNTO, ID_VACUNA)
 VALUES('13','5','4');
 
 INSERT INTO ASIGNADA(ID_EPS, ID_PUNTO, ID_VACUNA)
 VALUES('13','7','5');
 
 INSERT INTO ASIGNADA(ID_EPS, ID_PUNTO, ID_VACUNA)
 VALUES('13','2','6');
 
 INSERT INTO ASIGNADA(ID_EPS, ID_PUNTO, ID_VACUNA)
 VALUES('13','3','7');
 
 INSERT INTO ASIGNADA(ID_EPS, ID_PUNTO, ID_VACUNA)
 VALUES('13','6','8');
 
 INSERT INTO ASIGNADA(ID_EPS, ID_PUNTO, ID_VACUNA)
 VALUES('12','9','9');
 
 INSERT INTO ASIGNADA(ID_EPS, ID_PUNTO, ID_VACUNA)
 VALUES('12','10','10');
 
 INSERT INTO ASIGNADA(ID_EPS, ID_PUNTO, ID_VACUNA)
 VALUES('12','12','11');
 
 INSERT INTO ASIGNADA(ID_EPS, ID_PUNTO, ID_VACUNA)
 VALUES('12','11','12');
 
 INSERT INTO ASIGNADA(ID_EPS, ID_PUNTO, ID_VACUNA)
 VALUES('12','11','13');
 
 INSERT INTO ASIGNADA(ID_EPS, ID_PUNTO, ID_VACUNA)
 VALUES('12','13','14');
 
 INSERT INTO ASIGNADA(ID_EPS, ID_PUNTO, ID_VACUNA)
 VALUES('14','15','15');
 
 INSERT INTO ASIGNADA(ID_EPS, ID_PUNTO, ID_VACUNA)
 VALUES('14','16','16');
 
 INSERT INTO ASIGNADA(ID_EPS, ID_PUNTO, ID_VACUNA)
 VALUES('14','19','17');
 
 INSERT INTO ASIGNADA(ID_EPS, ID_PUNTO, ID_VACUNA)
 VALUES('14','21','18');
 
 INSERT INTO ASIGNADA(ID_EPS, ID_PUNTO, ID_VACUNA)
 VALUES('14','20','19');
 
 INSERT INTO ASIGNADA(ID_EPS, ID_PUNTO, ID_VACUNA)
 VALUES('14','16','20');
 
 INSERT INTO ASIGNADA(ID_EPS, ID_PUNTO, ID_VACUNA)
 VALUES('14','17','21');
 
 INSERT INTO ASIGNADA(ID_EPS, ID_PUNTO, ID_VACUNA)
 VALUES('14','18','22');
 
 INSERT INTO ASIGNADA(ID_EPS, ID_PUNTO, ID_VACUNA)
 VALUES('15','22','23');
 
 INSERT INTO ASIGNADA(ID_EPS, ID_PUNTO, ID_VACUNA)
 VALUES('15','23','24');
 
 INSERT INTO ASIGNADA(ID_EPS, ID_PUNTO, ID_VACUNA)
 VALUES('15','26','25');
 
 INSERT INTO ASIGNADA(ID_EPS, ID_PUNTO, ID_VACUNA)
 VALUES('15','28','26');
 
 INSERT INTO ASIGNADA(ID_EPS, ID_PUNTO, ID_VACUNA)
 VALUES('15','22','27');
 
 INSERT INTO ASIGNADA(ID_EPS, ID_PUNTO, ID_VACUNA)
 VALUES('15','24','28');
 
 INSERT INTO ASIGNADA(ID_EPS, ID_PUNTO, ID_VACUNA)
 VALUES('15','27','29');
 
 INSERT INTO ASIGNADA(ID_EPS, ID_PUNTO, ID_VACUNA)
 VALUES('15','28','30');

 INSERT INTO CIUDADANO (DOCUMENTO, NOMBRE, NACIMIENTO, HABILITADO, ID_ESTADO, ID_EPS, NUMERO_ETAPA, SEXO)
 VALUES ('7364899', 'MARIA ZAPATA', TO_DATE('12-01-1965', 'DD-MM-YYYY'), 'T',1, '12',3, 'FEMENINO');
 
 INSERT INTO CIUDADANO (DOCUMENTO, NOMBRE, NACIMIENTO, HABILITADO, ID_ESTADO, ID_EPS, NUMERO_ETAPA, SEXO)
 VALUES('17263564', 'JUAN MOLINA', TO_DATE('15-12-1955', 'DD-MM-YYYY'), 'T',2, '13',2, 'MASCULINO');
 
 INSERT INTO CIUDADANO (DOCUMENTO, NOMBRE, NACIMIENTO, HABILITADO, ID_ESTADO, ID_EPS, NUMERO_ETAPA, SEXO)
 VALUES('1000763987', 'LUCIANA GARCIA', TO_DATE('3-04-2004', 'DD-MM-YYYY'), 'F',1, '14',5, 'FEMENINO');
 
 INSERT INTO CIUDADANO (DOCUMENTO, NOMBRE, NACIMIENTO, HABILITADO, ID_ESTADO, ID_EPS, NUMERO_ETAPA, SEXO)
 VALUES('43746567', 'OLGA MARTINEZ', TO_DATE('27-10-1940', 'DD-MM-YYYY'), 'T',3, '15',1, 'FEMENINO');
 
 INSERT INTO CIUDADANO (DOCUMENTO, NOMBRE, NACIMIENTO, HABILITADO, ID_ESTADO, ID_EPS, NUMERO_ETAPA, SEXO)
 VALUES('6376157', 'CARLOS RODRIGUEZ', TO_DATE('4-06-1985', 'DD-MM-YYYY'), 'T',1, '14',4, 'MASCULINO');
 
 INSERT INTO CIUDADANO (DOCUMENTO, NOMBRE, NACIMIENTO, HABILITADO, ID_ESTADO, ID_EPS, NUMERO_ETAPA, SEXO)
 VALUES('17639876', 'NIDIA RESTREPO', TO_DATE('3-11-1974', 'DD-MM-YYYY'), 'T',1, '12',4, 'FEMENINO');
 
 INSERT INTO CIUDADANO (DOCUMENTO, NOMBRE, NACIMIENTO, HABILITADO, ID_ESTADO, ID_EPS, NUMERO_ETAPA, SEXO)
 VALUES('84678453', 'NICOLAS MORA', TO_DATE('15-02-1975', 'DD-MM-YYYY'), 'T',2, '13',3, 'MASCULINO');
 
 INSERT INTO CIUDADANO (DOCUMENTO, NOMBRE, NACIMIENTO, HABILITADO, ID_ESTADO, ID_EPS, NUMERO_ETAPA, SEXO)
 VALUES('38761898', 'BEATRIZ PINZON', TO_DATE('5-09-1976', 'DD-MM-YYYY'), 'T',2, '13',3, 'FEMENINO');
 
 INSERT INTO CIUDADANO (DOCUMENTO, NOMBRE, NACIMIENTO, HABILITADO, ID_ESTADO, ID_EPS, NUMERO_ETAPA, SEXO)
 VALUES('191276456', 'MARTINA MONTOYA', TO_DATE( '7-04-2001', 'DD-MM-YYYY'),'T',2, '15',5, 'FEMENINO');
 
 INSERT INTO CIUDADANO (DOCUMENTO, NOMBRE, NACIMIENTO, HABILITADO, ID_ESTADO, ID_EPS, NUMERO_ETAPA, SEXO)
 VALUES('62783654', 'GONZALO GONZALEZ', TO_DATE( '30-03-1932', 'DD-MM-YYYY'),'T',4, '12',1, 'MASCULINO');

 INSERT INTO CIUDADANO (DOCUMENTO, NOMBRE, NACIMIENTO, HABILITADO, ID_ESTADO, ID_EPS, NUMERO_ETAPA, SEXO)
 VALUES ('7483748', 'JUAN PEREZ', TO_DATE('01-11-1947', 'DD-MM-YYYY'), 'T',1, '12',2, 'MASCULINO');

 INSERT INTO CIUDADANO (DOCUMENTO, NOMBRE, NACIMIENTO, HABILITADO, ID_ESTADO, ID_EPS, NUMERO_ETAPA, SEXO)
 VALUES ('5364849', 'OLGA GARCIA', TO_DATE('01-06-1965', 'DD-MM-YYYY'), 'T',1, '14',3, 'FEMENINO');

 INSERT INTO CIUDADANO (DOCUMENTO, NOMBRE, NACIMIENTO, HABILITADO, ID_ESTADO, ID_EPS, NUMERO_ETAPA, SEXO)
 VALUES ('84920230', 'LUISA GODOY', TO_DATE('25-07-2000', 'DD-MM-YYYY'), 'T',3, '13',5, 'FEMENINO');

 INSERT INTO CIUDADANO (DOCUMENTO, NOMBRE, NACIMIENTO, HABILITADO, ID_ESTADO, ID_EPS, NUMERO_ETAPA, SEXO)
 VALUES ('85943930', 'GIOVANNA BARROS', TO_DATE('26-04-1985', 'DD-MM-YYYY'), 'T',1, '13',3, 'FEMENINO');

 INSERT INTO CIUDADANO (DOCUMENTO, NOMBRE, NACIMIENTO, HABILITADO, ID_ESTADO, ID_EPS, NUMERO_ETAPA, SEXO)
 VALUES ('64837384', 'JAIME RUIZ', TO_DATE('15-07-1965', 'DD-MM-YYYY'), 'T',1, '12',3, 'MASCULINO');

 INSERT INTO CIUDADANO (DOCUMENTO, NOMBRE, NACIMIENTO, HABILITADO, ID_ESTADO, ID_EPS, NUMERO_ETAPA, SEXO)
 VALUES ('93847584', 'OLGA DEL CORRAL', TO_DATE('15-07-1945', 'DD-MM-YYYY'), 'T',3, '12',1, 'FEMENINO');

 INSERT INTO CIUDADANO (DOCUMENTO, NOMBRE, NACIMIENTO, HABILITADO, ID_ESTADO, ID_EPS, NUMERO_ETAPA, SEXO)
 VALUES ('2637465', 'GUSTAVO REYES', TO_DATE('18-09-1935', 'DD-MM-YYYY'), 'T',3, '13',1, 'MASCULINO');

 INSERT INTO CIUDADANO (DOCUMENTO, NOMBRE, NACIMIENTO, HABILITADO, ID_ESTADO, ID_EPS, NUMERO_ETAPA, SEXO)
 VALUES ('73849475', 'HECTOR GUITIERREZ', TO_DATE('24-11-1932', 'DD-MM-YYYY'), 'T',3, '14',1, 'MASCULINO');

 INSERT INTO CIUDADANO (DOCUMENTO, NOMBRE, NACIMIENTO, HABILITADO, ID_ESTADO, ID_EPS, NUMERO_ETAPA, SEXO)
 VALUES ('6373884', 'JUAN GUITIERREZ', TO_DATE('24-12-1932', 'DD-MM-YYYY'), 'T',4, '12',1, 'MASCULINO');

 INSERT INTO CIUDADANO (DOCUMENTO, NOMBRE, NACIMIENTO, HABILITADO, ID_ESTADO, ID_EPS, NUMERO_ETAPA, SEXO)
 VALUES ('73873848', 'JUANA GUITIERREZ', TO_DATE('28-01-1933', 'DD-MM-YYYY'), 'T',3, '12',1, 'FEMENINO');

 INSERT INTO CIUDADANO (DOCUMENTO, NOMBRE, NACIMIENTO, HABILITADO, ID_ESTADO, ID_EPS, NUMERO_ETAPA, SEXO)
 VALUES ('63536444', 'MARTIN MARTINEZ', TO_DATE('24-03-1934', 'DD-MM-YYYY'), 'T',4, '12',1, 'MASCULINO');

 INSERT INTO CIUDADANO (DOCUMENTO, NOMBRE, NACIMIENTO, HABILITADO, ID_ESTADO, ID_EPS, NUMERO_ETAPA, SEXO)
 VALUES ('9329485', 'JUANA MARTINEZ', TO_DATE('22-11-1929', 'DD-MM-YYYY'), 'T',3, '12',1, 'FEMENINO');

 INSERT INTO CIUDADANO (DOCUMENTO, NOMBRE, NACIMIENTO, HABILITADO, ID_ESTADO, ID_EPS, NUMERO_ETAPA, SEXO)
 VALUES ('2838344', 'LUCIA MARTINEZ', TO_DATE('02-02-1930', 'DD-MM-YYYY'), 'T',3, '12',1, 'FEMENINO');

 INSERT INTO CIUDADANO (DOCUMENTO, NOMBRE, NACIMIENTO, HABILITADO, ID_ESTADO, ID_EPS, NUMERO_ETAPA, SEXO)
 VALUES ('6282903', 'PEDRO MARTINEZ', TO_DATE('15-12-1924', 'DD-MM-YYYY'), 'T',3, '12',1, 'MASCULINO');

 INSERT INTO CIUDADANO (DOCUMENTO, NOMBRE, NACIMIENTO, HABILITADO, ID_ESTADO, ID_EPS, NUMERO_ETAPA, SEXO)
 VALUES ('8273748', 'HECTOR GARCIA', TO_DATE('24-09-1930', 'DD-MM-YYYY'), 'T',4, '12',1, 'MASCULINO');

 INSERT INTO CIUDADANO (DOCUMENTO, NOMBRE, NACIMIENTO, HABILITADO, ID_ESTADO, ID_EPS, NUMERO_ETAPA, SEXO)
 VALUES ('7393494', 'JUAN GUITIERREZ', TO_DATE('24-12-1932', 'DD-MM-YYYY'), 'T',4, '12',1, 'MASCULINO');

 INSERT INTO CIUDADANO (DOCUMENTO, NOMBRE, NACIMIENTO, HABILITADO, ID_ESTADO, ID_EPS, NUMERO_ETAPA, SEXO)
 VALUES ('46263737', 'MARIA GARCIA', TO_DATE('25-01-1943', 'DD-MM-YYYY'), 'T',3, '13',1, 'FEMENINO');

 INSERT INTO CIUDADANO (DOCUMENTO, NOMBRE, NACIMIENTO, HABILITADO, ID_ESTADO, ID_EPS, NUMERO_ETAPA, SEXO)
 VALUES ('9283847', 'PEDRO GARCIA', TO_DATE('04-03-1934', 'DD-MM-YYYY'), 'T',3, '13',1, 'MASCULINO');

 INSERT INTO CIUDADANO (DOCUMENTO, NOMBRE, NACIMIENTO, HABILITADO, ID_ESTADO, ID_EPS, NUMERO_ETAPA, SEXO)
 VALUES ('82673644', 'PEDRO ROSAS', TO_DATE('22-11-1929', 'DD-MM-YYYY'), 'T',3, '13',1, 'MASCULINO');

 INSERT INTO CIUDADANO (DOCUMENTO, NOMBRE, NACIMIENTO, HABILITADO, ID_ESTADO, ID_EPS, NUMERO_ETAPA, SEXO)
 VALUES ('16373478', 'JUAN ROSAS', TO_DATE('02-02-1920', 'DD-MM-YYYY'), 'T',4, '13',1, 'MASCULINO');

 INSERT INTO CIUDADANO (DOCUMENTO, NOMBRE, NACIMIENTO, HABILITADO, ID_ESTADO, ID_EPS, NUMERO_ETAPA, SEXO)
 VALUES ('817382983', 'CARLOS ROSAS', TO_DATE('15-02-1924', 'DD-MM-YYYY'), 'T',3, '13',1, 'MASCULINO');

 INSERT INTO CIUDADANO (DOCUMENTO, NOMBRE, NACIMIENTO, HABILITADO, ID_ESTADO, ID_EPS, NUMERO_ETAPA, SEXO)
 VALUES ('9273764', 'LUIS GARCIA', TO_DATE('24-09-1930', 'DD-MM-YYYY'), 'T',3, '13',1, 'MASCULINO');

INSERT INTO CIUDADANO (DOCUMENTO, NOMBRE, NACIMIENTO, HABILITADO, ID_ESTADO, ID_EPS, NUMERO_ETAPA, SEXO)
 VALUES ('8127374', 'JUANA GARCIA', TO_DATE('25-01-1943', 'DD-MM-YYYY'), 'T',4, '14',1, 'FEMENINO');

 INSERT INTO CIUDADANO (DOCUMENTO, NOMBRE, NACIMIENTO, HABILITADO, ID_ESTADO, ID_EPS, NUMERO_ETAPA, SEXO)
 VALUES ('7283893', 'LUZ GARCIA', TO_DATE('04-12-1934', 'DD-MM-YYYY'), 'T',3, '14',1, 'FEMENINO');

 INSERT INTO CIUDADANO (DOCUMENTO, NOMBRE, NACIMIENTO, HABILITADO, ID_ESTADO, ID_EPS, NUMERO_ETAPA, SEXO)
 VALUES ('1038384', 'PEDRO GONZALEZ', TO_DATE('21-11-1939', 'DD-MM-YYYY'), 'T',3, '14',1, 'MASCULINO');

 INSERT INTO CIUDADANO (DOCUMENTO, NOMBRE, NACIMIENTO, HABILITADO, ID_ESTADO, ID_EPS, NUMERO_ETAPA, SEXO)
 VALUES ('82734774', 'PEDRO ROSA', TO_DATE('02-12-1920', 'DD-MM-YYYY'), 'T',4, '14',1, 'MASCULINO');

 INSERT INTO CIUDADANO (DOCUMENTO, NOMBRE, NACIMIENTO, HABILITADO, ID_ESTADO, ID_EPS, NUMERO_ETAPA, SEXO)
 VALUES ('928374', 'CARLOS GONZALEZ', TO_DATE('15-02-1924', 'DD-MM-YYYY'), 'T',3, '14',1, 'MASCULINO');

 INSERT INTO CIUDADANO (DOCUMENTO, NOMBRE, NACIMIENTO, HABILITADO, ID_ESTADO, ID_EPS, NUMERO_ETAPA, SEXO)
 VALUES ('627374', 'LUIS GONZALEZ', TO_DATE('24-09-1930', 'DD-MM-YYYY'), 'T',3, '14',1, 'MASCULINO');

INSERT INTO CIUDADANO (DOCUMENTO, NOMBRE, NACIMIENTO, HABILITADO, ID_ESTADO, ID_EPS, NUMERO_ETAPA, SEXO)
 VALUES ('536373', 'CAMILA GOMEZ', TO_DATE('25-01-1943', 'DD-MM-YYYY'), 'T',4, '15',1, 'FEMENINO');

 INSERT INTO CIUDADANO (DOCUMENTO, NOMBRE, NACIMIENTO, HABILITADO, ID_ESTADO, ID_EPS, NUMERO_ETAPA, SEXO)
 VALUES ('1536373', 'OLGA RAMIREZ', TO_DATE('14-12-1935', 'DD-MM-YYYY'), 'T',3, '15',1, 'FEMENINO');

 INSERT INTO CIUDADANO (DOCUMENTO, NOMBRE, NACIMIENTO, HABILITADO, ID_ESTADO, ID_EPS, NUMERO_ETAPA, SEXO)
 VALUES ('82173746', 'BEATRIZ GONZALEZ', TO_DATE('21-12-1939', 'DD-MM-YYYY'), 'T',4, '15',1, 'FEMENINO');

 INSERT INTO CIUDADANO (DOCUMENTO, NOMBRE, NACIMIENTO, HABILITADO, ID_ESTADO, ID_EPS, NUMERO_ETAPA, SEXO)
 VALUES ('3647272', 'ESTHER REYES', TO_DATE('12-12-1932', 'DD-MM-YYYY'), 'T',3, '15',1, 'FEMENINO');

 INSERT INTO CIUDADANO (DOCUMENTO, NOMBRE, NACIMIENTO, HABILITADO, ID_ESTADO, ID_EPS, NUMERO_ETAPA, SEXO)
 VALUES ('183848', 'MARIA GONZALEZ', TO_DATE('15-02-1924', 'DD-MM-YYYY'), 'T',3, '15',1, 'FEMENINO');

 INSERT INTO CIUDADANO (DOCUMENTO, NOMBRE, NACIMIENTO, HABILITADO, ID_ESTADO, ID_EPS, NUMERO_ETAPA, SEXO)
 VALUES ('928384', 'SANDRA GONZALEZ', TO_DATE('24-09-1920', 'DD-MM-YYYY'), 'T',4, '15',1, 'FEMENINO');

 INSERT INTO CIUDADANO (DOCUMENTO, NOMBRE, NACIMIENTO, HABILITADO, ID_ESTADO, ID_EPS, NUMERO_ETAPA, SEXO)
 VALUES ('772744884', 'PEDRO ORTIZ', TO_DATE('24-10-1950', 'DD-MM-YYYY'), 'T', 2, '12', 2, 'MASCULINO');

 INSERT INTO CIUDADANO (DOCUMENTO, NOMBRE, NACIMIENTO, HABILITADO, ID_ESTADO, ID_EPS, NUMERO_ETAPA, SEXO)
 VALUES ('832934943', 'JUANA JIMENEZ', TO_DATE('28-09-1950', 'DD-MM-YYYY'), 'T', 2, '12', 2, 'FEMENINO');

INSERT INTO CIUDADANO (DOCUMENTO, NOMBRE, NACIMIENTO, HABILITADO, ID_ESTADO, ID_EPS, NUMERO_ETAPA, SEXO)
 VALUES ('723894945', 'JUAN RAMIREZ', TO_DATE('28-09-1960', 'DD-MM-YYYY'), 'T', 1, '13', 2, 'MASCULINO');

INSERT INTO CIUDADANO (DOCUMENTO, NOMBRE, NACIMIENTO, HABILITADO, ID_ESTADO, ID_EPS, NUMERO_ETAPA, SEXO)
 VALUES ('928347847', 'PEPITO PEREZ', TO_DATE('30-09-1980', 'DD-MM-YYYY'), 'T', 1, '13', 4, 'MASCULINO');

INSERT INTO CIUDADANO (DOCUMENTO, NOMBRE, NACIMIENTO, HABILITADO, ID_ESTADO, ID_EPS, NUMERO_ETAPA, SEXO)
 VALUES ('01928383', 'LUCIA GOMEZ', TO_DATE('28-09-1970', 'DD-MM-YYYY'), 'T', 1, '13', 1, 'FEMENINO');
 
 INSERT INTO CIUDADANO (DOCUMENTO, NOMBRE, NACIMIENTO, HABILITADO, ID_ESTADO, ID_EPS, NUMERO_ETAPA, SEXO)
 VALUES ('828474747', 'LUCIA GOMEZ', TO_DATE('28-09-1970', 'DD-MM-YYYY'), 'T', 1, '13', 1, 'FEMENINO');
 
 INSERT INTO CIUDADANO (DOCUMENTO, NOMBRE, NACIMIENTO, HABILITADO, ID_ESTADO, ID_EPS, NUMERO_ETAPA, SEXO)
 VALUES ('839397744', 'MARIANA GOMEZ', TO_DATE('28-09-1970', 'DD-MM-YYYY'), 'T', 1, '13', 1, 'FEMENINO');
 
 INSERT INTO CIUDADANO (DOCUMENTO, NOMBRE, NACIMIENTO, HABILITADO, ID_ESTADO, ID_EPS, NUMERO_ETAPA, SEXO)
 VALUES ('62637744', 'LUCIANA GOMEZ', TO_DATE('28-09-1971', 'DD-MM-YYYY'), 'T', 1, '13', 1, 'FEMENINO');
 
 INSERT INTO CIUDADANO (DOCUMENTO, NOMBRE, NACIMIENTO, HABILITADO, ID_ESTADO, ID_EPS, NUMERO_ETAPA, SEXO)
 VALUES ('72939344', 'DANIELA GOMEZ', TO_DATE('28-09-1972', 'DD-MM-YYYY'), 'T', 1, '13', 1, 'FEMENINO');
 
 INSERT INTO CIUDADANO (DOCUMENTO, NOMBRE, NACIMIENTO, HABILITADO, ID_ESTADO, ID_EPS, NUMERO_ETAPA, SEXO)
 VALUES ('8329394900', 'VANESSA GOMEZ', TO_DATE('28-09-1973', 'DD-MM-YYYY'), 'T', 1, '13', 1, 'FEMENINO');
 
 INSERT INTO CIUDADANO (DOCUMENTO, NOMBRE, NACIMIENTO, HABILITADO, ID_ESTADO, ID_EPS, NUMERO_ETAPA, SEXO)
 VALUES ('92387847', 'MAYRA GOMEZ', TO_DATE('28-09-1974', 'DD-MM-YYYY'), 'T', 1, '13', 1, 'FEMENINO');
 
 INSERT INTO CIUDADANO (DOCUMENTO, NOMBRE, NACIMIENTO, HABILITADO, ID_ESTADO, ID_EPS, NUMERO_ETAPA, SEXO)
 VALUES ('849493932', 'OLGA GOMEZ', TO_DATE('28-09-1975', 'DD-MM-YYYY'), 'T', 1, '13', 1, 'FEMENINO');
 
 INSERT INTO CIUDADANO (DOCUMENTO, NOMBRE, NACIMIENTO, HABILITADO, ID_ESTADO, ID_EPS, NUMERO_ETAPA, SEXO)
 VALUES ('923878472', 'SANDRA GOMEZ', TO_DATE('28-09-1976', 'DD-MM-YYYY'), 'T', 1, '13', 1, 'FEMENINO');
 
 INSERT INTO CIUDADANO (DOCUMENTO, NOMBRE, NACIMIENTO, HABILITADO, ID_ESTADO, ID_EPS, NUMERO_ETAPA, SEXO)
 VALUES ('72488234', 'ANA MARIA GOMEZ', TO_DATE('28-09-1977', 'DD-MM-YYYY'), 'T', 1, '13', 1, 'FEMENINO');
 
 INSERT INTO CIUDADANO (DOCUMENTO, NOMBRE, NACIMIENTO, HABILITADO, ID_ESTADO, ID_EPS, NUMERO_ETAPA, SEXO)
 VALUES ('839292943', 'NICHOLE GOMEZ', TO_DATE('28-09-1978', 'DD-MM-YYYY'), 'T', 1, '13', 1, 'FEMENINO');
 
 INSERT INTO CIUDADANO (DOCUMENTO, NOMBRE, NACIMIENTO, HABILITADO, ID_ESTADO, ID_EPS, NUMERO_ETAPA, SEXO)
 VALUES ('9283844', 'JULIA GOMEZ', TO_DATE('28-09-1979', 'DD-MM-YYYY'), 'T', 1, '13', 1, 'FEMENINO');
 
 INSERT INTO CIUDADANO (DOCUMENTO, NOMBRE, NACIMIENTO, HABILITADO, ID_ESTADO, ID_EPS, NUMERO_ETAPA, SEXO)
 VALUES ('82939944', 'JULIANA GOMEZ', TO_DATE('28-09-1970', 'DD-MM-YYYY'), 'T', 1, '13', 1, 'FEMENINO');
 
 INSERT INTO CIUDADANO (DOCUMENTO, NOMBRE, NACIMIENTO, HABILITADO, ID_ESTADO, ID_EPS, NUMERO_ETAPA, SEXO)
 VALUES ('932774743', 'IRIS GOMEZ', TO_DATE('28-09-1971', 'DD-MM-YYYY'), 'T', 1, '13', 1, 'FEMENINO');
 
 INSERT INTO CIUDADANO (DOCUMENTO, NOMBRE, NACIMIENTO, HABILITADO, ID_ESTADO, ID_EPS, NUMERO_ETAPA, SEXO)
 VALUES ('423662374', 'ALEXANDRA GOMEZ', TO_DATE('28-09-1972', 'DD-MM-YYYY'), 'T', 1, '12', 1, 'FEMENINO');
 
 INSERT INTO CIUDADANO (DOCUMENTO, NOMBRE, NACIMIENTO, HABILITADO, ID_ESTADO, ID_EPS, NUMERO_ETAPA, SEXO)
 VALUES ('82339944', 'CLAUDIA GOMEZ', TO_DATE('28-09-1970', 'DD-MM-YYYY'), 'T', 1, '12', 1, 'FEMENINO');
 
 INSERT INTO CIUDADANO (DOCUMENTO, NOMBRE, NACIMIENTO, HABILITADO, ID_ESTADO, ID_EPS, NUMERO_ETAPA, SEXO)
 VALUES ('5278383', 'MARIA PAULA GOMEZ', TO_DATE('28-09-1970', 'DD-MM-YYYY'), 'T', 1, '12', 1, 'FEMENINO');
 
 INSERT INTO CIUDADANO (DOCUMENTO, NOMBRE, NACIMIENTO, HABILITADO, ID_ESTADO, ID_EPS, NUMERO_ETAPA, SEXO)
 VALUES ('93283747', 'MARIA GOMEZ', TO_DATE('28-09-1970', 'DD-MM-YYYY'), 'T', 1, '12', 1, 'FEMENINO');
 
 INSERT INTO CIUDADANO (DOCUMENTO, NOMBRE, NACIMIENTO, HABILITADO, ID_ESTADO, ID_EPS, NUMERO_ETAPA, SEXO)
 VALUES ('9283774', 'LUZ GOMEZ', TO_DATE('28-09-1970', 'DD-MM-YYYY'), 'T', 1, '12', 1, 'FEMENINO');
 
 INSERT INTO CIUDADANO (DOCUMENTO, NOMBRE, NACIMIENTO, HABILITADO, ID_ESTADO, ID_EPS, NUMERO_ETAPA, SEXO)
 VALUES ('82737743', 'JUAN PABLO PEREZ', TO_DATE('28-09-1989', 'DD-MM-YYYY'), 'T', 1, '17', 3, 'MASCULINO');
 
 INSERT INTO CIUDADANO (DOCUMENTO, NOMBRE, NACIMIENTO, HABILITADO, ID_ESTADO, ID_EPS, NUMERO_ETAPA, SEXO)
 VALUES ('2380495', 'SARA GARCIA', TO_DATE('28-09-1968', 'DD-MM-YYYY'), 'T', 2, '15', 2, 'FEMENINO');
 
 INSERT INTO CIUDADANO (DOCUMENTO, NOMBRE, NACIMIENTO, HABILITADO, ID_ESTADO, ID_EPS, NUMERO_ETAPA, SEXO)
 VALUES ('93748594', 'JULIA AVILA', TO_DATE('28-09-1999', 'DD-MM-YYYY'), 'T', 1, '20', 5, 'FEMENINO');
 
 INSERT INTO CIUDADANO (DOCUMENTO, NOMBRE, NACIMIENTO, HABILITADO, ID_ESTADO, ID_EPS, NUMERO_ETAPA, SEXO)
 VALUES ('292838', 'PEDRO PARAMO', TO_DATE('28-09-1970', 'DD-MM-YYYY'), 'T', 1, '17', 1, 'MASCULINO');
 
 INSERT INTO CIUDADANO (DOCUMENTO, NOMBRE, NACIMIENTO, HABILITADO, ID_ESTADO, ID_EPS, NUMERO_ETAPA, SEXO)
 VALUES ('8299393', 'IRIS GOMEZ', TO_DATE('28-09-1971', 'DD-MM-YYYY'), 'T', 1, '18', 1, 'FEMENINO');
 
 INSERT INTO CIUDADANO (DOCUMENTO, NOMBRE, NACIMIENTO, HABILITADO, ID_ESTADO, ID_EPS, NUMERO_ETAPA, SEXO)
 VALUES ('42292922', 'ALEXANDRA PEREZ', TO_DATE('28-09-1972', 'DD-MM-YYYY'), 'T', 1, '18', 1, 'FEMENINO');
 
 INSERT INTO CIUDADANO (DOCUMENTO, NOMBRE, NACIMIENTO, HABILITADO, ID_ESTADO, ID_EPS, NUMERO_ETAPA, SEXO)
 VALUES ('2919922', 'CLAUDIA MONCALEANO', TO_DATE('28-09-1970', 'DD-MM-YYYY'), 'T', 1, '12', 1, 'FEMENINO');
 
 INSERT INTO CIUDADANO (DOCUMENTO, NOMBRE, NACIMIENTO, HABILITADO, ID_ESTADO, ID_EPS, NUMERO_ETAPA, SEXO)
 VALUES ('92923939', 'MARIA PAULA ESPINOZA', TO_DATE('28-09-1970', 'DD-MM-YYYY'), 'T', 1, '14', 1, 'FEMENINO');
 
 INSERT INTO CIUDADANO (DOCUMENTO, NOMBRE, NACIMIENTO, HABILITADO, ID_ESTADO, ID_EPS, NUMERO_ETAPA, SEXO)
 VALUES ('2839494', 'JUAN GONZALEZ', TO_DATE('28-09-1970', 'DD-MM-YYYY'), 'T', 1, '17', 1, 'MASCULINO');
 
 INSERT INTO CIUDADANO (DOCUMENTO, NOMBRE, NACIMIENTO, HABILITADO, ID_ESTADO, ID_EPS, NUMERO_ETAPA, SEXO)
 VALUES ('93372834', 'LUIS REYES', TO_DATE('28-09-1970', 'DD-MM-YYYY'), 'T', 1, '12', 1, 'MASCULINO');

 INSERT INTO VACUNACION (DOCUMENTO_CIUDADANO, ID_EPS, ID_PUNTO)
VALUES( '7364899', '12', '8');

INSERT INTO VACUNACION (DOCUMENTO_CIUDADANO, ID_EPS, ID_PUNTO)
VALUES( '62783654', '12', '13');

 INSERT INTO VACUNACION (DOCUMENTO_CIUDADANO, ID_EPS, ID_PUNTO)
 VALUES('17263564', '13', '1');
 
INSERT INTO VACUNACION (DOCUMENTO_CIUDADANO, ID_EPS, ID_PUNTO)
 VALUES('1000763987', '14', '19');
 
INSERT INTO VACUNACION (DOCUMENTO_CIUDADANO, ID_EPS, ID_PUNTO)
 VALUES('43746567', '15', '23');
 
INSERT INTO VACUNACION (DOCUMENTO_CIUDADANO, ID_EPS, ID_PUNTO)
 VALUES('17639876', '12', '11');
 
INSERT INTO VACUNACION (DOCUMENTO_CIUDADANO, ID_EPS, ID_PUNTO)
 VALUES('6376157', '14', '20');

INSERT INTO VACUNACION (DOCUMENTO_CIUDADANO, ID_EPS, ID_PUNTO)
 VALUES('93847584', '12', '8');

INSERT INTO VACUNACION (DOCUMENTO_CIUDADANO, ID_EPS, ID_PUNTO)
 VALUES('2637465', '13', '2');

INSERT INTO VACUNACION (DOCUMENTO_CIUDADANO, ID_EPS, ID_PUNTO)
 VALUES('6373884', '12', '14');

INSERT INTO VACUNACION (DOCUMENTO_CIUDADANO, ID_EPS, ID_PUNTO)
 VALUES('73873848', '12', '14');

INSERT INTO VACUNACION (DOCUMENTO_CIUDADANO, ID_EPS, ID_PUNTO)
 VALUES('63536444', '12', '11');

INSERT INTO VACUNACION (DOCUMENTO_CIUDADANO, ID_EPS, ID_PUNTO)
 VALUES('9329485', '12', '12');

INSERT INTO VACUNACION (DOCUMENTO_CIUDADANO, ID_EPS, ID_PUNTO)
 VALUES('2838344', '12', '13');

INSERT INTO VACUNACION (DOCUMENTO_CIUDADANO, ID_EPS, ID_PUNTO)
 VALUES('6282903', '12', '9');

INSERT INTO VACUNACION (DOCUMENTO_CIUDADANO, ID_EPS, ID_PUNTO)
 VALUES('8273748', '12', '8');

INSERT INTO VACUNACION (DOCUMENTO_CIUDADANO, ID_EPS, ID_PUNTO)
 VALUES('7393494', '12', '10');

INSERT INTO VACUNACION (DOCUMENTO_CIUDADANO, ID_EPS, ID_PUNTO)
 VALUES('73873848', '13', '1');

INSERT INTO VACUNACION (DOCUMENTO_CIUDADANO, ID_EPS, ID_PUNTO)
 VALUES('9283847', '13', '6');

INSERT INTO VACUNACION (DOCUMENTO_CIUDADANO, ID_EPS, ID_PUNTO)
 VALUES('82673644', '13', '7');

INSERT INTO VACUNACION (DOCUMENTO_CIUDADANO, ID_EPS, ID_PUNTO)
 VALUES('16373478', '13', '5');

INSERT INTO VACUNACION (DOCUMENTO_CIUDADANO, ID_EPS, ID_PUNTO)
 VALUES('817382983', '13', '2');

INSERT INTO VACUNACION (DOCUMENTO_CIUDADANO, ID_EPS, ID_PUNTO)
 VALUES('8127374', '14', '16');

INSERT INTO VACUNACION (DOCUMENTO_CIUDADANO, ID_EPS, ID_PUNTO)
 VALUES('9283847', '14', '18');

INSERT INTO VACUNACION (DOCUMENTO_CIUDADANO, ID_EPS, ID_PUNTO)
 VALUES('928374', '14', '19');

INSERT INTO VACUNACION (DOCUMENTO_CIUDADANO, ID_EPS, ID_PUNTO)
 VALUES('627374', '14', '20');
 
INSERT INTO VACUNACION (DOCUMENTO_CIUDADANO, ID_EPS, ID_PUNTO)
 VALUES('536373', '15', '22');
 
 INSERT INTO VACUNACION (DOCUMENTO_CIUDADANO, ID_EPS, ID_PUNTO)
 VALUES('38761898', '13', '7');
 
 INSERT INTO VACUNACION (DOCUMENTO_CIUDADANO, ID_EPS, ID_PUNTO)
 VALUES('191276456', '15', '28');
 
 INSERT INTO VACUNACION (DOCUMENTO_CIUDADANO, ID_EPS, ID_PUNTO)
 VALUES('84920230', '13', '28');

INSERT INTO VACUNACION (DOCUMENTO_CIUDADANO, ID_EPS, ID_PUNTO)
 VALUES('1536373', '15', '23');

INSERT INTO VACUNACION (DOCUMENTO_CIUDADANO, ID_EPS, ID_PUNTO)
 VALUES('82173746', '15', '24');

INSERT INTO VACUNACION (DOCUMENTO_CIUDADANO, ID_EPS, ID_PUNTO)
 VALUES('3647272', '15', '26');

INSERT INTO VACUNACION (DOCUMENTO_CIUDADANO, ID_EPS, ID_PUNTO)
 VALUES('183848', '15', '27');

INSERT INTO VACUNACION (DOCUMENTO_CIUDADANO, ID_EPS, ID_PUNTO)
 VALUES('928384', '15', '25');

INSERT INTO VACUNACION (DOCUMENTO_CIUDADANO, ID_EPS, ID_PUNTO)
 VALUES('772744884', '12', '14');

INSERT INTO VACUNACION (DOCUMENTO_CIUDADANO, ID_EPS, ID_PUNTO)
 VALUES('832934943', '12', '14');

INSERT INTO VACUNACION (DOCUMENTO_CIUDADANO, ID_EPS, ID_PUNTO)
 VALUES('723894945', '13', '2');

INSERT INTO VACUNACION (DOCUMENTO_CIUDADANO, ID_EPS, ID_PUNTO)
 VALUES('928347847', '13', '2');

INSERT INTO VACUNACION (DOCUMENTO_CIUDADANO, ID_EPS, ID_PUNTO)
 VALUES('01928383', '13', '2');

INSERT INTO PRIORIZACION (DOCUMENTO_CIUDADANO, DESCRIPCION_CONDPRIOR)
 VALUES ('7364899', '16 AÑOS O MAS');
 
 INSERT INTO PRIORIZACION (DOCUMENTO_CIUDADANO, DESCRIPCION_CONDPRIOR)
 VALUES('17263564', '60 A 79 AÑOS');
 
 INSERT INTO PRIORIZACION (DOCUMENTO_CIUDADANO, DESCRIPCION_CONDPRIOR)
 VALUES ('17263564', 'ASMA');
 
 INSERT INTO PRIORIZACION (DOCUMENTO_CIUDADANO, DESCRIPCION_CONDPRIOR)
 VALUES('1000763987', '16 AÑOS O MAS');
 
 INSERT INTO PRIORIZACION (DOCUMENTO_CIUDADANO, DESCRIPCION_CONDPRIOR)
 VALUES('43746567', '80 AÑOS O MAS');
 
 INSERT INTO PRIORIZACION (DOCUMENTO_CIUDADANO, DESCRIPCION_CONDPRIOR)
 VALUES('43746567', 'DIABETES');
 
 INSERT INTO PRIORIZACION (DOCUMENTO_CIUDADANO, DESCRIPCION_CONDPRIOR)
 VALUES('6376157', '16 AÑOS O MAS');
 
 INSERT INTO PRIORIZACION (DOCUMENTO_CIUDADANO, DESCRIPCION_CONDPRIOR)
 VALUES('6376157', 'PRIVACION DE LIBERTAD');
 
 INSERT INTO PRIORIZACION (DOCUMENTO_CIUDADANO, DESCRIPCION_CONDPRIOR)
 VALUES('17639876', '16 AÑOS O MAS');
 
 INSERT INTO PRIORIZACION (DOCUMENTO_CIUDADANO, DESCRIPCION_CONDPRIOR)
 VALUES('17639876', 'PRIVACION DE LIBERTAD');
 
 INSERT INTO PRIORIZACION (DOCUMENTO_CIUDADANO, DESCRIPCION_CONDPRIOR)
 VALUES('84678453', '16 AÑOS O MAS');
 
 INSERT INTO PRIORIZACION (DOCUMENTO_CIUDADANO, DESCRIPCION_CONDPRIOR)
 VALUES('84678453', 'ASMA');
 
 INSERT INTO PRIORIZACION (DOCUMENTO_CIUDADANO, DESCRIPCION_CONDPRIOR)
 VALUES('38761898', '16 AÑOS O MAS');
 
 INSERT INTO PRIORIZACION (DOCUMENTO_CIUDADANO, DESCRIPCION_CONDPRIOR)
 VALUES('38761898', 'ASMA');
 
 INSERT INTO PRIORIZACION (DOCUMENTO_CIUDADANO, DESCRIPCION_CONDPRIOR)
 VALUES('191276456', '16 AÑOS O MAS');
 
 INSERT INTO PRIORIZACION (DOCUMENTO_CIUDADANO, DESCRIPCION_CONDPRIOR)
 VALUES('62783654', '80 AÑOS O MAS');

 INSERT INTO PRIORIZACION (DOCUMENTO_CIUDADANO, DESCRIPCION_CONDPRIOR)
 VALUES('73849475', 'ENFERMEDADES HIPERTENSIVAS');
 
 INSERT INTO PRIORIZACION (DOCUMENTO_CIUDADANO, DESCRIPCION_CONDPRIOR)
 VALUES('7283893', 'ENFERMEDADES HIPERTENSIVAS');
 
 INSERT INTO PRIORIZACION (DOCUMENTO_CIUDADANO, DESCRIPCION_CONDPRIOR)
 VALUES('82734774', 'ENFERMEDADES HIPERTENSIVAS');
 
 INSERT INTO PRIORIZACION (DOCUMENTO_CIUDADANO, DESCRIPCION_CONDPRIOR)
 VALUES('84920230', 'ASMA');

 INSERT INTO INFOUSUARIO (LOGIN, CLAVE, TRABAJO, ID_ROLES, ID_PUNTO)
 VALUES ('JPEREZ', 'CONTRA1', 'ADMIN PUNTO DE VACUNACION', 3, '15');
 
 INSERT INTO INFOUSUARIO (LOGIN, CLAVE, TRABAJO, ID_ROLES, ID_PUNTO)
 VALUES ('OGARCIA', 'CONTRA2', 'ADMIN DE OFICINA EPS', 2, '1');
 
 INSERT INTO INFOUSUARIO (LOGIN, CLAVE, TRABAJO, ID_ROLES, ID_PUNTO)
 VALUES('LGODOY', 'CONTRA3', 'ENFERMERA', 6, '20');
 
 INSERT INTO INFOUSUARIO (LOGIN, CLAVE, TRABAJO, ID_ROLES, ID_PUNTO)
 VALUES('GBARROS', 'CONTRA4', 'DOCTORA', 6, '2');
 
 INSERT INTO INFOUSUARIO (LOGIN, CLAVE, TRABAJO, ID_ROLES, ID_PUNTO)
 VALUES('FHERNANDEZ', 'CONTRA5', 'OPERADOR PUNTO DE VACUNACION', 4, '3');
 
 INSERT INTO INFOUSUARIO (LOGIN, CLAVE, TRABAJO, ID_ROLES, ID_PUNTO)
 VALUES ('BPINZON', 'CONTRA6', 'CIUDADANA', 5, '7');
 
 INSERT INTO INFOUSUARIO (LOGIN, CLAVE, TRABAJO, ID_ROLES, ID_PUNTO)
 VALUES('NMORA', 'CONTRA7', 'CIUDADANO', 5, '2');
 
 INSERT INTO INFOUSUARIO (LOGIN, CLAVE, TRABAJO, ID_ROLES, ID_PUNTO)
 VALUES('GGONZALEZ', 'CONTRA8', 'CIUDADANO', 5, '13');
 
INSERT INTO INFOUSUARIO (LOGIN, CLAVE, TRABAJO, ID_ROLES, ID_PUNTO)
 VALUES('JRUIZ', 'CONTRA9', 'ADMINISTRADOR DEL PLAN DE VACUNACION', 1, '1');
 
INSERT INTO INFOUSUARIO (LOGIN, CLAVE, TRABAJO, ID_ROLES, ID_PUNTO)
 VALUES('JPABLO', 'CONTRA10', 'CIUDADANO', 2, '34');
 
INSERT INTO INFOUSUARIO (LOGIN, CLAVE, TRABAJO, ID_ROLES, ID_PUNTO)
 VALUES('SGARCIA', 'CONTRA11', 'CIUDADANO', 2, '30');
 
INSERT INTO INFOUSUARIO (LOGIN, CLAVE, TRABAJO, ID_ROLES, ID_PUNTO)
 VALUES('JAVILA', 'CONTRA12', 'CIUDADANO', 2, '40');
 
INSERT INTO INFOUSUARIO (LOGIN, CLAVE, TRABAJO, ID_ROLES, ID_PUNTO)
 VALUES('PPARAMO', 'CONTRA13', 'CIUDADANO', 2, '33');
 
INSERT INTO INFOUSUARIO (LOGIN, CLAVE, TRABAJO, ID_ROLES, ID_PUNTO)
 VALUES('IGOMEZ', 'CONTRA14', 'CIUDADANO', 2, '36');
 
  INSERT INTO INFOUSUARIO (LOGIN, CLAVE, TRABAJO, ID_ROLES, ID_PUNTO)
 VALUES('APEREZ', 'CONTRA15', 'CIUDADANO', 2, '35');
 
  INSERT INTO INFOUSUARIO (LOGIN, CLAVE, TRABAJO, ID_ROLES, ID_PUNTO)
 VALUES('CMONCALEANO', 'CONTRA16', 'CIUDADANO', 2, '23');
 
  INSERT INTO INFOUSUARIO (LOGIN, CLAVE, TRABAJO, ID_ROLES, ID_PUNTO)
 VALUES('PESPINOZA', 'CONTRA17', 'CIUDADANO', 2, '27');
 
  INSERT INTO INFOUSUARIO (LOGIN, CLAVE, TRABAJO, ID_ROLES, ID_PUNTO)
 VALUES('JGONZALEZ', 'CONTRA18', 'CIUDADANO', 2, '34');
 
  INSERT INTO INFOUSUARIO (LOGIN, CLAVE, TRABAJO, ID_ROLES, ID_PUNTO)
 VALUES('LREYES', 'CONTRA19', 'CIUDADANO', 2, '23');
 
    INSERT INTO INFOUSUARIO (LOGIN, CLAVE, TRABAJO, ID_ROLES, ID_PUNTO)
 VALUES('MESPINOZA', 'CONTRA20', 'CIUDADANO', 2, '34');

INSERT INTO USUARIO (DOCUMENTO_CIUDADANO, LOGIN_INFOUSUARIO)
VALUES ('7483748', 'JPEREZ');

INSERT INTO USUARIO (DOCUMENTO_CIUDADANO, LOGIN_INFOUSUARIO)
VALUES ('5364849', 'OGARCIA');

INSERT INTO USUARIO (DOCUMENTO_CIUDADANO, LOGIN_INFOUSUARIO)
VALUES('84920230', 'LGODOY');

INSERT INTO USUARIO (DOCUMENTO_CIUDADANO, LOGIN_INFOUSUARIO)
VALUES('85943930', 'GBARROS');

INSERT INTO USUARIO (DOCUMENTO_CIUDADANO, LOGIN_INFOUSUARIO)
VALUES('38761898', 'BPINZON');

INSERT INTO USUARIO (DOCUMENTO_CIUDADANO, LOGIN_INFOUSUARIO)
VALUES('84678453', 'NMORA');

INSERT INTO USUARIO (DOCUMENTO_CIUDADANO, LOGIN_INFOUSUARIO)
VALUES('62783654', 'GGONZALEZ');

INSERT INTO USUARIO (DOCUMENTO_CIUDADANO, LOGIN_INFOUSUARIO)
VALUES ('64837384', 'JRUIZ');

INSERT INTO USUARIO (DOCUMENTO_CIUDADANO, LOGIN_INFOUSUARIO)
 VALUES ('82737743', 'JPABLO');
 
INSERT INTO USUARIO (DOCUMENTO_CIUDADANO, LOGIN_INFOUSUARIO)
 VALUES ('2380495', 'SGARCIA');
 
INSERT INTO USUARIO (DOCUMENTO_CIUDADANO, LOGIN_INFOUSUARIO)
 VALUES ('93748594', 'JAVILA');
 
INSERT INTO USUARIO (DOCUMENTO_CIUDADANO, LOGIN_INFOUSUARIO)
 VALUES ('292838', 'PPARAMO');
 
INSERT INTO USUARIO (DOCUMENTO_CIUDADANO, LOGIN_INFOUSUARIO)
 VALUES ('8299393', 'IGOMEZ');
 
 INSERT INTO USUARIO (DOCUMENTO_CIUDADANO, LOGIN_INFOUSUARIO)
 VALUES ('42292922', 'APEREZ');
 
 INSERT INTO USUARIO (DOCUMENTO_CIUDADANO, LOGIN_INFOUSUARIO)
 VALUES ('2919922', 'CMONCALEANO');
 
INSERT INTO USUARIO (DOCUMENTO_CIUDADANO, LOGIN_INFOUSUARIO)
 VALUES ('92923939', 'MESPINOZA');
 
INSERT INTO USUARIO (DOCUMENTO_CIUDADANO, LOGIN_INFOUSUARIO)
 VALUES ('2839494', 'JGONZALEZ');
 
INSERT INTO USUARIO (DOCUMENTO_CIUDADANO, LOGIN_INFOUSUARIO)
 VALUES ('93372834', 'LREYES');

 INSERT INTO CITA (FECHAHORA, FINALIZADA, DOCUMENTO_CIUDADANO, ID_PUNTO)
 VALUES (TO_DATE('12-08-2021 17:00', 'DD-MM-YYYY HH24:MI'), 'T', '7364899', '8');
 
INSERT INTO CITA (FECHAHORA, FINALIZADA, DOCUMENTO_CIUDADANO, ID_PUNTO)
 VALUES(TO_DATE('10-05-2021 8:00','DD-MM-YYYY HH24:MI'), 'T', '17263564', '1');
 
INSERT INTO CITA (FECHAHORA, FINALIZADA, DOCUMENTO_CIUDADANO, ID_PUNTO)
 VALUES(TO_DATE('11-02-2023 10:00', 'DD-MM-YYYY HH24:MI'), 'F', '1000763987', '19');
 
INSERT INTO CITA (FECHAHORA, FINALIZADA, DOCUMENTO_CIUDADANO, ID_PUNTO)
 VALUES(TO_DATE('11-02-2021 15:00', 'DD-MM-YYYY HH24:MI'), 'T', '43746567', '23');
 
INSERT INTO CITA (FECHAHORA, FINALIZADA, DOCUMENTO_CIUDADANO, ID_PUNTO)
 VALUES(TO_DATE('11-04-2021 16:00', 'DD-MM-YYYY HH24:MI'), 'F', '17639876', '11');
 
INSERT INTO CITA (FECHAHORA, FINALIZADA, DOCUMENTO_CIUDADANO, ID_PUNTO)
 VALUES(TO_DATE('30-05-2022 13:00', 'DD-MM-YYYY HH24:MI'), 'F', '6376157', '20');

INSERT INTO CITA (FECHAHORA, FINALIZADA, DOCUMENTO_CIUDADANO, ID_PUNTO)
 VALUES(TO_DATE('30-03-2021 12:00', 'DD-MM-YYYY HH24:MI'), 'F', '93847584', '8');

INSERT INTO CITA (FECHAHORA, FINALIZADA, DOCUMENTO_CIUDADANO, ID_PUNTO)
 VALUES(TO_DATE('12-03-2021 15:00', 'DD-MM-YYYY HH24:MI'), 'F', '2637465', '2');

INSERT INTO CITA (FECHAHORA, FINALIZADA, DOCUMENTO_CIUDADANO, ID_PUNTO)
 VALUES(TO_DATE('18-03-2021 07:00', 'DD-MM-YYYY HH24:MI'), 'T', '6373884', '14');

INSERT INTO CITA (FECHAHORA, FINALIZADA, DOCUMENTO_CIUDADANO, ID_PUNTO)
 VALUES(TO_DATE('18-03-2021 07:00', 'DD-MM-YYYY HH24:MI'), 'T', '73873848', '14');

INSERT INTO CITA (FECHAHORA, FINALIZADA, DOCUMENTO_CIUDADANO, ID_PUNTO)
 VALUES(TO_DATE('20-03-2021 06:00', 'DD-MM-YYYY HH24:MI'), 'T', '63536444', '11');

INSERT INTO CITA (FECHAHORA, FINALIZADA, DOCUMENTO_CIUDADANO, ID_PUNTO)
 VALUES(TO_DATE('21-03-2021 06:00', 'DD-MM-YYYY HH24:MI'), 'F', '9329485', '12');

INSERT INTO CITA (FECHAHORA, FINALIZADA, DOCUMENTO_CIUDADANO, ID_PUNTO)
 VALUES(TO_DATE('12-03-2021 12:00', 'DD-MM-YYYY HH24:MI'), 'T', '2838344', '13');

INSERT INTO CITA (FECHAHORA, FINALIZADA, DOCUMENTO_CIUDADANO, ID_PUNTO)
 VALUES(TO_DATE('13-03-2021 12:00', 'DD-MM-YYYY HH24:MI'), 'F', '6282903', '9');

INSERT INTO CITA (FECHAHORA, FINALIZADA, DOCUMENTO_CIUDADANO, ID_PUNTO)
 VALUES(TO_DATE('14-03-2021 14:00', 'DD-MM-YYYY HH24:MI'), 'T', '8273748', '8');

INSERT INTO CITA (FECHAHORA, FINALIZADA, DOCUMENTO_CIUDADANO, ID_PUNTO)
 VALUES(TO_DATE('16-03-2021 18:00', 'DD-MM-YYYY HH24:MI'), 'F', '7393494', '10');

INSERT INTO CITA (FECHAHORA, FINALIZADA, DOCUMENTO_CIUDADANO, ID_PUNTO)
 VALUES(TO_DATE('15-03-2021 15:00', 'DD-MM-YYYY HH24:MI'), 'F', '73873848', '1');

INSERT INTO CITA (FECHAHORA, FINALIZADA, DOCUMENTO_CIUDADANO, ID_PUNTO)
 VALUES(TO_DATE('20-03-2021 13:00', 'DD-MM-YYYY HH24:MI'), 'T', '9283847', '6');

INSERT INTO CITA (FECHAHORA, FINALIZADA, DOCUMENTO_CIUDADANO, ID_PUNTO)
 VALUES(TO_DATE('26-03-2021 12:00', 'DD-MM-YYYY HH24:MI'), 'T', '82673644', '7');

INSERT INTO CITA (FECHAHORA, FINALIZADA, DOCUMENTO_CIUDADANO, ID_PUNTO)
 VALUES(TO_DATE('21-03-2021 18:00', 'DD-MM-YYYY HH24:MI'), 'T', '16373478', '5');

INSERT INTO CITA (FECHAHORA, FINALIZADA, DOCUMENTO_CIUDADANO, ID_PUNTO)
 VALUES(TO_DATE('29-03-2021 18:00', 'DD-MM-YYYY HH24:MI'), 'T', '817382983', '2');

INSERT INTO CITA (FECHAHORA, FINALIZADA, DOCUMENTO_CIUDADANO, ID_PUNTO)
 VALUES(TO_DATE('30-03-2021 19:00', 'DD-MM-YYYY HH24:MI'), 'T', '9273764', '3');

INSERT INTO CITA (FECHAHORA, FINALIZADA, DOCUMENTO_CIUDADANO, ID_PUNTO)
 VALUES(TO_DATE('20-03-2021 11:00', 'DD-MM-YYYY HH24:MI'), 'F', '8127374', '15');

INSERT INTO CITA (FECHAHORA, FINALIZADA, DOCUMENTO_CIUDADANO, ID_PUNTO)
 VALUES(TO_DATE('23-02-2021 11:00', 'DD-MM-YYYY HH24:MI'), 'F', '7283893', '16');

INSERT INTO CITA (FECHAHORA, FINALIZADA, DOCUMENTO_CIUDADANO, ID_PUNTO)
 VALUES(TO_DATE('24-02-2021 12:00', 'DD-MM-YYYY HH24:MI'), 'T', '1038384', '17');

INSERT INTO CITA (FECHAHORA, FINALIZADA, DOCUMENTO_CIUDADANO, ID_PUNTO)
 VALUES(TO_DATE('27-02-2021 17:00', 'DD-MM-YYYY HH24:MI'), 'T', '9283847', '18');

INSERT INTO CITA (FECHAHORA, FINALIZADA, DOCUMENTO_CIUDADANO, ID_PUNTO)
 VALUES(TO_DATE('21-02-2021 17:00', 'DD-MM-YYYY HH24:MI'), 'F', '928374', '19');

INSERT INTO CITA (FECHAHORA, FINALIZADA, DOCUMENTO_CIUDADANO, ID_PUNTO)
 VALUES(TO_DATE('11-02-2021 12:00', 'DD-MM-YYYY HH24:MI'), 'T', '627374', '20');
 
INSERT INTO CITA (FECHAHORA, FINALIZADA, DOCUMENTO_CIUDADANO, ID_PUNTO)
 VALUES(TO_DATE('10-02-2021 14:00', 'DD-MM-YYYY HH24:MI'), 'F', '536373', '22');

INSERT INTO CITA (FECHAHORA, FINALIZADA, DOCUMENTO_CIUDADANO, ID_PUNTO)
 VALUES(TO_DATE('13-02-2021 18:00', 'DD-MM-YYYY HH24:MI'), 'T', '1536373', '23');

INSERT INTO CITA (FECHAHORA, FINALIZADA, DOCUMENTO_CIUDADANO, ID_PUNTO)
 VALUES(TO_DATE('19-04-2021 01:00', 'DD-MM-YYYY HH24:MI'), 'F', '82173746', '24');

INSERT INTO CITA (FECHAHORA, FINALIZADA, DOCUMENTO_CIUDADANO, ID_PUNTO)
 VALUES(TO_DATE('09-02-2021 12:00', 'DD-MM-YYYY HH24:MI'), 'F', '3647272', '26');

INSERT INTO CITA (FECHAHORA, FINALIZADA, DOCUMENTO_CIUDADANO, ID_PUNTO)
 VALUES(TO_DATE('04-02-2021 17:00', 'DD-MM-YYYY HH24:MI'), 'T', '183848', '27');

INSERT INTO CITA (FECHAHORA, FINALIZADA, DOCUMENTO_CIUDADANO, ID_PUNTO)
 VALUES(TO_DATE('04-03-2021 17:00', 'DD-MM-YYYY HH24:MI'), 'F', '928384', '25');

INSERT INTO CITA (FECHAHORA, FINALIZADA, DOCUMENTO_CIUDADANO, ID_PUNTO)
 VALUES(TO_DATE('18-03-2021 07:00', 'DD-MM-YYYY HH24:MI'), 'F', '772744884', '14');

INSERT INTO CITA (FECHAHORA, FINALIZADA, DOCUMENTO_CIUDADANO, ID_PUNTO)
 VALUES(TO_DATE('18-03-2021 07:00', 'DD-MM-YYYY HH24:MI'), 'F', '832934943', '14');

INSERT INTO CITA (FECHAHORA, FINALIZADA, DOCUMENTO_CIUDADANO, ID_PUNTO)
 VALUES(TO_DATE('29-03-2021 18:00', 'DD-MM-YYYY HH24:MI'), 'F', '723894945', '2');

INSERT INTO CITA (FECHAHORA, FINALIZADA, DOCUMENTO_CIUDADANO, ID_PUNTO)
 VALUES(TO_DATE('29-03-2021 18:00', 'DD-MM-YYYY HH24:MI'), 'F', '928347847', '2');

INSERT INTO CITA (FECHAHORA, FINALIZADA, DOCUMENTO_CIUDADANO, ID_PUNTO)
 VALUES(TO_DATE('28-03-2021 18:00', 'DD-MM-YYYY HH24:MI'), 'F', '839397744', '7');
 
 INSERT INTO CITA (FECHAHORA, FINALIZADA, DOCUMENTO_CIUDADANO, ID_PUNTO)
 VALUES(TO_DATE('29-03-2021 18:00', 'DD-MM-YYYY HH24:MI'), 'F', '828474747', '7');
 
 INSERT INTO CITA (FECHAHORA, FINALIZADA, DOCUMENTO_CIUDADANO, ID_PUNTO)
 VALUES(TO_DATE('28-02-2021 18:00', 'DD-MM-YYYY HH24:MI'), 'F', '62637744', '7');
 
 INSERT INTO CITA (FECHAHORA, FINALIZADA, DOCUMENTO_CIUDADANO, ID_PUNTO)
 VALUES(TO_DATE('28-03-2021 18:00', 'DD-MM-YYYY HH24:MI'), 'F', '72939344', '7');
 
 INSERT INTO CITA (FECHAHORA, FINALIZADA, DOCUMENTO_CIUDADANO, ID_PUNTO)
 VALUES(TO_DATE('28-05-2021 18:00', 'DD-MM-YYYY HH24:MI'), 'F', '8329394900', '7');
 
 INSERT INTO CITA (FECHAHORA, FINALIZADA, DOCUMENTO_CIUDADANO, ID_PUNTO)
 VALUES(TO_DATE('28-03-2021 18:00', 'DD-MM-YYYY HH24:MI'), 'F', '92387847', '7');
 
 INSERT INTO CITA (FECHAHORA, FINALIZADA, DOCUMENTO_CIUDADANO, ID_PUNTO)
 VALUES(TO_DATE('28-03-2021 18:00', 'DD-MM-YYYY HH24:MI'), 'F', '849493932', '7');
 
 INSERT INTO CITA (FECHAHORA, FINALIZADA, DOCUMENTO_CIUDADANO, ID_PUNTO)
 VALUES(TO_DATE('28-03-2021 18:00', 'DD-MM-YYYY HH24:MI'), 'F', '923878472', '7');
 
 INSERT INTO CITA (FECHAHORA, FINALIZADA, DOCUMENTO_CIUDADANO, ID_PUNTO)
 VALUES(TO_DATE('28-03-2021 18:00', 'DD-MM-YYYY HH24:MI'), 'F', '72488234', '7');
 
 INSERT INTO CITA (FECHAHORA, FINALIZADA, DOCUMENTO_CIUDADANO, ID_PUNTO)
 VALUES(TO_DATE('28-03-2021 18:00', 'DD-MM-YYYY HH24:MI'), 'F', '839292943', '7');
 
 INSERT INTO CITA (FECHAHORA, FINALIZADA, DOCUMENTO_CIUDADANO, ID_PUNTO)
  VALUES(TO_DATE('28-03-2021 18:00', 'DD-MM-YYYY HH24:MI'), 'F', '9283844', '7');
 
 INSERT INTO CITA (FECHAHORA, FINALIZADA, DOCUMENTO_CIUDADANO, ID_PUNTO)
 VALUES(TO_DATE('28-03-2021 18:00', 'DD-MM-YYYY HH24:MI'), 'F', '82939944', '7');
 
 INSERT INTO CITA (FECHAHORA, FINALIZADA, DOCUMENTO_CIUDADANO, ID_PUNTO)
 VALUES(TO_DATE('28-03-2021 08:00', 'DD-MM-YYYY HH24:MI'), 'F', '932774743', '7');
 
  INSERT INTO CITA (FECHAHORA, FINALIZADA, DOCUMENTO_CIUDADANO, ID_PUNTO)
 VALUES(TO_DATE('26-04-2021 08:00', 'DD-MM-YYYY HH24:MI'), 'F', '423662374', '8');
 
  INSERT INTO CITA (FECHAHORA, FINALIZADA, DOCUMENTO_CIUDADANO, ID_PUNTO)
 VALUES(TO_DATE('25-04-2021 08:00', 'DD-MM-YYYY HH24:MI'), 'F', '82339944', '8');
 
  INSERT INTO CITA (FECHAHORA, FINALIZADA, DOCUMENTO_CIUDADANO, ID_PUNTO)
 VALUES(TO_DATE('27-04-2021 08:00', 'DD-MM-YYYY HH24:MI'), 'F', '5278383', '8');
 
  INSERT INTO CITA (FECHAHORA, FINALIZADA, DOCUMENTO_CIUDADANO, ID_PUNTO)
 VALUES(TO_DATE('28-04-2021 08:00', 'DD-MM-YYYY HH24:MI'), 'F', '93283747', '8');
 
  INSERT INTO CITA (FECHAHORA, FINALIZADA, DOCUMENTO_CIUDADANO, ID_PUNTO)
 VALUES(TO_DATE('29-04-2021 07:00', 'DD-MM-YYYY HH24:MI'), 'F', '9283774', '8'); 

INSERT INTO ATENCION( DESCRIPCION_CONDPRIOR, ID_PUNTO)
VALUES('80 AÑOS O MAS', '1');

INSERT INTO ATENCION( DESCRIPCION_CONDPRIOR, ID_PUNTO)
VALUES('80 AÑOS O MAS', '2');

INSERT INTO ATENCION( DESCRIPCION_CONDPRIOR, ID_PUNTO)
VALUES('80 AÑOS O MAS', '5');

INSERT INTO ATENCION( DESCRIPCION_CONDPRIOR, ID_PUNTO)
VALUES('80 AÑOS O MAS', '6');

INSERT INTO ATENCION( DESCRIPCION_CONDPRIOR, ID_PUNTO)
VALUES('80 AÑOS O MAS', '7');

INSERT INTO ATENCION( DESCRIPCION_CONDPRIOR, ID_PUNTO)
VALUES('80 AÑOS O MAS', '10');

INSERT INTO ATENCION( DESCRIPCION_CONDPRIOR, ID_PUNTO)
VALUES('80 AÑOS O MAS', '11');

INSERT INTO ATENCION( DESCRIPCION_CONDPRIOR, ID_PUNTO)
VALUES('80 AÑOS O MAS', '13');

INSERT INTO ATENCION( DESCRIPCION_CONDPRIOR, ID_PUNTO)
VALUES('80 AÑOS O MAS', '17');

INSERT INTO ATENCION( DESCRIPCION_CONDPRIOR, ID_PUNTO)
VALUES('80 AÑOS O MAS', '18');

INSERT INTO ATENCION( DESCRIPCION_CONDPRIOR, ID_PUNTO)
VALUES('80 AÑOS O MAS', '20');

INSERT INTO ATENCION( DESCRIPCION_CONDPRIOR, ID_PUNTO)
VALUES('80 AÑOS O MAS', '22');

INSERT INTO ATENCION( DESCRIPCION_CONDPRIOR, ID_PUNTO)
VALUES('80 AÑOS O MAS', '25');

INSERT INTO ATENCION( DESCRIPCION_CONDPRIOR, ID_PUNTO)
VALUES('80 AÑOS O MAS', '28');

INSERT INTO ATENCION( DESCRIPCION_CONDPRIOR, ID_PUNTO)
VALUES('60 A 79 AÑOS', '28');

INSERT INTO ATENCION( DESCRIPCION_CONDPRIOR, ID_PUNTO)
VALUES('60 A 79 AÑOS', '27');

INSERT INTO ATENCION( DESCRIPCION_CONDPRIOR, ID_PUNTO)
VALUES('60 A 79 AÑOS', '26');

INSERT INTO ATENCION( DESCRIPCION_CONDPRIOR, ID_PUNTO)
VALUES('60 A 79 AÑOS', '24');

INSERT INTO ATENCION( DESCRIPCION_CONDPRIOR, ID_PUNTO)
VALUES('60 A 79 AÑOS', '23');

INSERT INTO ATENCION( DESCRIPCION_CONDPRIOR, ID_PUNTO)
VALUES('60 A 79 AÑOS', '21');

INSERT INTO ATENCION( DESCRIPCION_CONDPRIOR, ID_PUNTO)
VALUES('60 A 79 AÑOS', '16');

INSERT INTO ATENCION( DESCRIPCION_CONDPRIOR, ID_PUNTO)
VALUES('60 A 79 AÑOS', '14');

INSERT INTO ATENCION( DESCRIPCION_CONDPRIOR, ID_PUNTO)
VALUES('60 A 79 AÑOS', '11');

INSERT INTO ATENCION( DESCRIPCION_CONDPRIOR, ID_PUNTO)
VALUES('60 A 79 AÑOS', '12');

INSERT INTO ATENCION( DESCRIPCION_CONDPRIOR, ID_PUNTO)
VALUES('60 A 79 AÑOS', '10');

INSERT INTO ATENCION( DESCRIPCION_CONDPRIOR, ID_PUNTO)
VALUES('60 A 79 AÑOS', '8');

INSERT INTO ATENCION( DESCRIPCION_CONDPRIOR, ID_PUNTO)
VALUES('60 A 79 AÑOS', '7');

INSERT INTO ATENCION( DESCRIPCION_CONDPRIOR, ID_PUNTO)
VALUES('60 A 79 AÑOS', '4');

INSERT INTO ATENCION( DESCRIPCION_CONDPRIOR, ID_PUNTO)
VALUES('60 A 79 AÑOS', '2');

INSERT INTO ATENCION( DESCRIPCION_CONDPRIOR, ID_PUNTO)
VALUES('60 A 79 AÑOS', '1');

INSERT INTO ATENCION( DESCRIPCION_CONDPRIOR, ID_PUNTO)
VALUES('ENFERMEDADES HIPERTENSIVAS', '25');

INSERT INTO ATENCION( DESCRIPCION_CONDPRIOR, ID_PUNTO)
VALUES('ENFERMEDADES HIPERTENSIVAS', '27');

INSERT INTO ATENCION( DESCRIPCION_CONDPRIOR, ID_PUNTO)
VALUES('ENFERMEDADES HIPERTENSIVAS', '22');

INSERT INTO ATENCION( DESCRIPCION_CONDPRIOR, ID_PUNTO)
VALUES('ENFERMEDADES HIPERTENSIVAS', '24');

INSERT INTO ATENCION( DESCRIPCION_CONDPRIOR, ID_PUNTO)
VALUES('ENFERMEDADES HIPERTENSIVAS', '23');

INSERT INTO ATENCION( DESCRIPCION_CONDPRIOR, ID_PUNTO)
VALUES('ENFERMEDADES HIPERTENSIVAS', '21');

INSERT INTO ATENCION( DESCRIPCION_CONDPRIOR, ID_PUNTO)
VALUES('ENFERMEDADES HIPERTENSIVAS', '15');

INSERT INTO ATENCION( DESCRIPCION_CONDPRIOR, ID_PUNTO)
VALUES('ENFERMEDADES HIPERTENSIVAS', '14');

INSERT INTO ATENCION( DESCRIPCION_CONDPRIOR, ID_PUNTO)
VALUES('ENFERMEDADES HIPERTENSIVAS', '11');

INSERT INTO ATENCION( DESCRIPCION_CONDPRIOR, ID_PUNTO)
VALUES('ENFERMEDADES HIPERTENSIVAS', '13');

INSERT INTO ATENCION( DESCRIPCION_CONDPRIOR, ID_PUNTO)
VALUES('ENFERMEDADES HIPERTENSIVAS', '10');

INSERT INTO ATENCION( DESCRIPCION_CONDPRIOR, ID_PUNTO)
VALUES('ENFERMEDADES HIPERTENSIVAS', '8');

INSERT INTO ATENCION( DESCRIPCION_CONDPRIOR, ID_PUNTO)
VALUES('ENFERMEDADES HIPERTENSIVAS', '6');

INSERT INTO ATENCION( DESCRIPCION_CONDPRIOR, ID_PUNTO)
VALUES('ENFERMEDADES HIPERTENSIVAS', '4');

INSERT INTO ATENCION( DESCRIPCION_CONDPRIOR, ID_PUNTO)
VALUES('ENFERMEDADES HIPERTENSIVAS', '3');

INSERT INTO ATENCION( DESCRIPCION_CONDPRIOR, ID_PUNTO)
VALUES('ENFERMEDADES HIPERTENSIVAS', '1');

INSERT INTO ATENCION( DESCRIPCION_CONDPRIOR, ID_PUNTO)
VALUES('VIH', '25');

INSERT INTO ATENCION( DESCRIPCION_CONDPRIOR, ID_PUNTO)
VALUES('VIH', '28');

INSERT INTO ATENCION( DESCRIPCION_CONDPRIOR, ID_PUNTO)
VALUES('VIH', '26');

INSERT INTO ATENCION( DESCRIPCION_CONDPRIOR, ID_PUNTO)
VALUES('VIH', '24');

INSERT INTO ATENCION( DESCRIPCION_CONDPRIOR, ID_PUNTO)
VALUES('VIH', '22');

INSERT INTO ATENCION( DESCRIPCION_CONDPRIOR, ID_PUNTO)
VALUES('VIH', '21');

INSERT INTO ATENCION( DESCRIPCION_CONDPRIOR, ID_PUNTO)
VALUES('VIH', '20');

INSERT INTO ATENCION( DESCRIPCION_CONDPRIOR, ID_PUNTO)
VALUES('VIH', '19');

INSERT INTO ATENCION( DESCRIPCION_CONDPRIOR, ID_PUNTO)
VALUES('VIH', '11');

INSERT INTO ATENCION( DESCRIPCION_CONDPRIOR, ID_PUNTO)
VALUES('VIH', '12');

INSERT INTO ATENCION( DESCRIPCION_CONDPRIOR, ID_PUNTO)
VALUES('VIH', '10');

INSERT INTO ATENCION( DESCRIPCION_CONDPRIOR, ID_PUNTO)
VALUES('VIH', '9');

INSERT INTO ATENCION( DESCRIPCION_CONDPRIOR, ID_PUNTO)
VALUES('VIH', '6');

INSERT INTO ATENCION( DESCRIPCION_CONDPRIOR, ID_PUNTO)
VALUES('VIH', '5');

INSERT INTO ATENCION( DESCRIPCION_CONDPRIOR, ID_PUNTO)
VALUES('VIH', '3');

INSERT INTO ATENCION( DESCRIPCION_CONDPRIOR, ID_PUNTO)
VALUES('VIH', '1');

INSERT INTO ATENCION( DESCRIPCION_CONDPRIOR, ID_PUNTO)
VALUES('DIABETES', '28');

INSERT INTO ATENCION( DESCRIPCION_CONDPRIOR, ID_PUNTO)
VALUES('DIABETES', '26');

INSERT INTO ATENCION( DESCRIPCION_CONDPRIOR, ID_PUNTO)
VALUES('DIABETES', '24');

INSERT INTO ATENCION( DESCRIPCION_CONDPRIOR, ID_PUNTO)
VALUES('DIABETES', '22');

INSERT INTO ATENCION( DESCRIPCION_CONDPRIOR, ID_PUNTO)
VALUES('DIABETES', '21');

INSERT INTO ATENCION( DESCRIPCION_CONDPRIOR, ID_PUNTO)
VALUES('DIABETES', '20');

INSERT INTO ATENCION( DESCRIPCION_CONDPRIOR, ID_PUNTO)
VALUES('DIABETES', '19');

INSERT INTO ATENCION( DESCRIPCION_CONDPRIOR, ID_PUNTO)
VALUES('DIABETES', '11');

INSERT INTO ATENCION( DESCRIPCION_CONDPRIOR, ID_PUNTO)
VALUES('PRIVACION DE LIBERTAD', '12');

INSERT INTO ATENCION( DESCRIPCION_CONDPRIOR, ID_PUNTO)
VALUES('PRIVACION DE LIBERTAD', '10');

INSERT INTO ATENCION( DESCRIPCION_CONDPRIOR, ID_PUNTO)
VALUES('PRIVACION DE LIBERTAD', '9');

INSERT INTO ATENCION( DESCRIPCION_CONDPRIOR, ID_PUNTO)
VALUES('PRIVACION DE LIBERTAD', '6');

INSERT INTO ATENCION( DESCRIPCION_CONDPRIOR, ID_PUNTO)
VALUES('PRIVACION DE LIBERTAD', '5');

INSERT INTO ATENCION( DESCRIPCION_CONDPRIOR, ID_PUNTO)
VALUES('PRIVACION DE LIBERTAD', '3');

INSERT INTO ATENCION( DESCRIPCION_CONDPRIOR, ID_PUNTO)
VALUES('16 AÑOS O MAS', '1');

INSERT INTO ATENCION( DESCRIPCION_CONDPRIOR, ID_PUNTO)
VALUES('16 AÑOS O MAS', '28');

INSERT INTO ATENCION( DESCRIPCION_CONDPRIOR, ID_PUNTO)
VALUES('16 AÑOS O MAS', '26');

INSERT INTO ATENCION( DESCRIPCION_CONDPRIOR, ID_PUNTO)
VALUES('16 AÑOS O MAS', '24');

INSERT INTO ATENCION( DESCRIPCION_CONDPRIOR, ID_PUNTO)
VALUES('16 AÑOS O MAS', '22');

INSERT INTO ATENCION( DESCRIPCION_CONDPRIOR, ID_PUNTO)
VALUES('16 AÑOS O MAS', '21');

INSERT INTO ATENCION( DESCRIPCION_CONDPRIOR, ID_PUNTO)
VALUES('16 AÑOS O MAS', '20');

INSERT INTO ATENCION( DESCRIPCION_CONDPRIOR, ID_PUNTO)
VALUES('16 AÑOS O MAS', '19');

INSERT INTO ATENCION( DESCRIPCION_CONDPRIOR, ID_PUNTO)
VALUES('16 AÑOS O MAS', '11');

INSERT INTO ATENCION( DESCRIPCION_CONDPRIOR, ID_PUNTO)
VALUES('16 AÑOS O MAS', '12');

INSERT INTO ATENCION( DESCRIPCION_CONDPRIOR, ID_PUNTO)
VALUES('16 AÑOS O MAS', '10');

INSERT INTO ATENCION( DESCRIPCION_CONDPRIOR, ID_PUNTO)
VALUES('16 AÑOS O MAS', '9');

INSERT INTO ATENCION( DESCRIPCION_CONDPRIOR, ID_PUNTO)
VALUES('16 AÑOS O MAS', '6');

INSERT INTO ATENCION( DESCRIPCION_CONDPRIOR, ID_PUNTO)
VALUES('16 AÑOS O MAS', '5');

INSERT INTO ATENCION( DESCRIPCION_CONDPRIOR, ID_PUNTO)
VALUES('16 AÑOS O MAS', '3');

INSERT INTO ATENCION( DESCRIPCION_CONDPRIOR, ID_PUNTO)
VALUES('80 AÑOS O MAS', '29');

INSERT INTO ATENCION( DESCRIPCION_CONDPRIOR, ID_PUNTO)
VALUES('80 AÑOS O MAS', '30');

INSERT INTO ATENCION( DESCRIPCION_CONDPRIOR, ID_PUNTO)
VALUES('80 AÑOS O MAS', '31');

INSERT INTO ATENCION( DESCRIPCION_CONDPRIOR, ID_PUNTO)
VALUES('INSUFICIENCIA RENAL', '33');

INSERT INTO ATENCION( DESCRIPCION_CONDPRIOR, ID_PUNTO)
VALUES('INSUFICIENCIA RENAL', '32');

INSERT INTO ATENCION( DESCRIPCION_CONDPRIOR, ID_PUNTO)
VALUES('80 AÑOS O MAS', '35');

INSERT INTO ATENCION( DESCRIPCION_CONDPRIOR, ID_PUNTO)
VALUES('80 AÑOS O MAS', '40');

INSERT INTO ATENCION( DESCRIPCION_CONDPRIOR, ID_PUNTO)
VALUES('80 AÑOS O MAS', '39');

INSERT INTO ATENCION( DESCRIPCION_CONDPRIOR, ID_PUNTO)
VALUES('INSUFICIENCIA RENAL', '37');

INSERT INTO ATENCION( DESCRIPCION_CONDPRIOR, ID_PUNTO)
VALUES('80 AÑOS O MAS', '36');

INSERT INTO ATENCION( DESCRIPCION_CONDPRIOR, ID_PUNTO)
VALUES('80 AÑOS O MAS', '38');

INSERT INTO ATENCION( DESCRIPCION_CONDPRIOR, ID_PUNTO)
VALUES('60 A 79 AÑOS', '29');

INSERT INTO ATENCION( DESCRIPCION_CONDPRIOR, ID_PUNTO)
VALUES('60 A 79 AÑOS', '33');

INSERT INTO ATENCION( DESCRIPCION_CONDPRIOR, ID_PUNTO)
VALUES('60 A 79 AÑOS', '34');

INSERT INTO ATENCION( DESCRIPCION_CONDPRIOR, ID_PUNTO)
VALUES('INSUFICIENCIA RENAL', '35');

INSERT INTO ATENCION( DESCRIPCION_CONDPRIOR, ID_PUNTO)
VALUES('60 A 79 AÑOS', '36');

INSERT INTO ATENCION( DESCRIPCION_CONDPRIOR, ID_PUNTO)
VALUES('60 A 79 AÑOS', '37');

INSERT INTO ATENCION( DESCRIPCION_CONDPRIOR, ID_PUNTO)
VALUES('60 A 79 AÑOS', '38');

INSERT INTO ATENCION( DESCRIPCION_CONDPRIOR, ID_PUNTO)
VALUES('60 A 79 AÑOS', '39');

INSERT INTO ATENCION( DESCRIPCION_CONDPRIOR, ID_PUNTO)
VALUES('60 A 79 AÑOS', '40');

INSERT INTO ATENCION( DESCRIPCION_CONDPRIOR, ID_PUNTO)
VALUES('INSUFICIENCIA RENAL', '30');

INSERT INTO ATENCION( DESCRIPCION_CONDPRIOR, ID_PUNTO)
VALUES('60 A 79 AÑOS', '32');

INSERT INTO ATENCION( DESCRIPCION_CONDPRIOR, ID_PUNTO)
VALUES('60 A 79 AÑOS', '31');

INSERT INTO ATENCION( DESCRIPCION_CONDPRIOR, ID_PUNTO)
VALUES('60 A 79 AÑOS', '35');

INSERT INTO ATENCION( DESCRIPCION_CONDPRIOR, ID_PUNTO)
VALUES('INSUFICIENCIA RENAL', '36');

INSERT INTO ATENCION( DESCRIPCION_CONDPRIOR, ID_PUNTO)
VALUES('ENFERMEDADES HIPERTENSIVAS', '37');

INSERT INTO ATENCION( DESCRIPCION_CONDPRIOR, ID_PUNTO)
VALUES('ENFERMEDADES HIPERTENSIVAS', '38');

INSERT INTO ATENCION( DESCRIPCION_CONDPRIOR, ID_PUNTO)
VALUES('ENFERMEDADES HIPERTENSIVAS', '39');

INSERT INTO ATENCION( DESCRIPCION_CONDPRIOR, ID_PUNTO)
VALUES('ENFERMEDADES HIPERTENSIVAS', '40');

INSERT INTO ATENCION( DESCRIPCION_CONDPRIOR, ID_PUNTO)
VALUES('INSUFICIENCIA RENAL', '29');

INSERT INTO ATENCION( DESCRIPCION_CONDPRIOR, ID_PUNTO)
VALUES('ENFERMEDADES HIPERTENSIVAS', '30');

INSERT INTO ATENCION( DESCRIPCION_CONDPRIOR, ID_PUNTO)
VALUES('INSUFICIENCIA RENAL', '10');

INSERT INTO ATENCION( DESCRIPCION_CONDPRIOR, ID_PUNTO)
VALUES('CANCER', '40');

INSERT INTO ATENCION( DESCRIPCION_CONDPRIOR, ID_PUNTO)
VALUES('ENFERMEDADES HIPERTENSIVAS', '32');

INSERT INTO ATENCION( DESCRIPCION_CONDPRIOR, ID_PUNTO)
VALUES('CANCER', '35');

INSERT INTO ATENCION( DESCRIPCION_CONDPRIOR, ID_PUNTO)
VALUES('CANCER', '38');

INSERT INTO ATENCION( DESCRIPCION_CONDPRIOR, ID_PUNTO)
VALUES('VIH', '36');

INSERT INTO ATENCION( DESCRIPCION_CONDPRIOR, ID_PUNTO)
VALUES('VIH', '34');

INSERT INTO ATENCION( DESCRIPCION_CONDPRIOR, ID_PUNTO)
VALUES('VIH', '32');

INSERT INTO ATENCION( DESCRIPCION_CONDPRIOR, ID_PUNTO)
VALUES('CANCER', '31');

INSERT INTO ATENCION( DESCRIPCION_CONDPRIOR, ID_PUNTO)
VALUES('CANCER', '30');

INSERT INTO ATENCION( DESCRIPCION_CONDPRIOR, ID_PUNTO)
VALUES('VIH', '40');

INSERT INTO ATENCION( DESCRIPCION_CONDPRIOR, ID_PUNTO)
VALUES('CANCER', '29');

INSERT INTO ATENCION( DESCRIPCION_CONDPRIOR, ID_PUNTO)
VALUES('CANCER', '39');

INSERT INTO ATENCION( DESCRIPCION_CONDPRIOR, ID_PUNTO)
VALUES('CANCER', '32');

INSERT INTO ATENCION( DESCRIPCION_CONDPRIOR, ID_PUNTO)
VALUES('ASMA', '32');

INSERT INTO ATENCION( DESCRIPCION_CONDPRIOR, ID_PUNTO)
VALUES('PRIVACION DE LIBERTAD', '40');

INSERT INTO ATENCION( DESCRIPCION_CONDPRIOR, ID_PUNTO)
VALUES('PRIVACION DE LIBERTAD', '29');

INSERT INTO ATENCION( DESCRIPCION_CONDPRIOR, ID_PUNTO)
VALUES('PRIVACION DE LIBERTAD', '37');

INSERT INTO ATENCION( DESCRIPCION_CONDPRIOR, ID_PUNTO)
VALUES('PRIVACION DE LIBERTAD', '39');

INSERT INTO ATENCION( DESCRIPCION_CONDPRIOR, ID_PUNTO)
VALUES('16 AÑOS O MAS', '32');

INSERT INTO ATENCION( DESCRIPCION_CONDPRIOR, ID_PUNTO)
VALUES('16 AÑOS O MAS', '39');

INSERT INTO ATENCION( DESCRIPCION_CONDPRIOR, ID_PUNTO)
VALUES('ASMA', '40');

INSERT INTO ATENCION( DESCRIPCION_CONDPRIOR, ID_PUNTO)
VALUES('ASMA', '28');

UPDATE CIUDADANO SET ID_ESTADO = 2 WHERE DOCUMENTO = '7364899';

UPDATE CIUDADANO SET ID_ESTADO = 3 WHERE DOCUMENTO = '84678453';

UPDATE CIUDADANO SET ID_ESTADO = 3 WHERE DOCUMENTO = '191276456';

COMMIT;